Tiempo (s),Temperatura medida (°C),Temperatura consignada / SET (°C),Potencia calentador (%),Fase del proceso
0.0,29.4,100.0,100.0,Ajuste
0.1618642807006836,29.4,100.0,100.0,Ajuste
0.5776093006134033,29.4,100.0,100.0,Ajuste
0.9867701530456543,29.4,100.0,100.0,Ajuste
1.624711275100708,29.4,100.0,100.0,Ajuste
1.9922442436218262,29.4,100.0,100.0,Ajuste
2.5631091594696045,29.4,100.0,100.0,Ajuste
3.0332794189453125,29.4,100.0,100.0,Ajuste
3.6119041442871094,29.4,100.0,100.0,Ajuste
4.022433042526245,29.4,100.0,100.0,Ajuste
4.593024015426636,29.4,100.0,100.0,Ajuste
5.00097918510437,29.4,100.0,100.0,Ajuste
5.618809223175049,29.4,100.0,100.0,Ajuste
6.031305313110352,29.4,100.0,100.0,Ajuste
6.552971124649048,29.4,100.0,100.0,Ajuste
7.0181660652160645,29.4,100.0,100.0,Ajuste
7.583675146102905,29.4,100.0,100.0,Ajuste
8.021842241287231,29.4,100.0,100.0,Ajuste
8.599013090133667,29.4,100.0,100.0,Ajuste
9.066028118133545,29.4,100.0,100.0,Ajuste
9.590485095977783,29.4,100.0,100.0,Ajuste
10.011340141296387,29.4,100.0,100.0,Ajuste
10.586966037750244,29.4,100.0,100.0,Ajuste
11.010003328323364,29.4,100.0,100.0,Ajuste
11.600344181060791,29.4,100.0,100.0,Ajuste
12.074225187301636,29.4,100.0,100.0,Ajuste
12.602498054504395,29.4,100.0,100.0,Ajuste
13.069792985916138,29.4,100.0,100.0,Ajuste
13.603787183761597,29.4,100.0,100.0,Ajuste
14.080265283584595,29.4,100.0,100.0,Ajuste
14.615397214889526,29.5,100.0,100.0,Ajuste
15.087007999420166,29.5,100.0,100.0,Ajuste
15.613357067108154,29.5,100.0,100.0,Ajuste
16.080872297286987,29.5,100.0,100.0,Ajuste
16.61089301109314,29.5,100.0,100.0,Ajuste
17.098592042922974,29.5,100.0,100.0,Ajuste
17.627419233322144,29.6,100.0,100.0,Ajuste
18.097151279449463,29.6,100.0,100.0,Ajuste
18.597824096679688,29.6,100.0,100.0,Ajuste
19.07405424118042,29.6,100.0,100.0,Ajuste
19.603784322738647,29.6,100.0,100.0,Ajuste
20.078408241271973,29.6,100.0,100.0,Ajuste
20.615564107894897,29.6,100.0,100.0,Ajuste
21.08444619178772,29.6,100.0,100.0,Ajuste
21.563353061676025,29.7,100.0,100.0,Ajuste
22.113155126571655,29.7,100.0,100.0,Ajuste
22.588325262069702,29.8,100.0,100.0,Ajuste
23.167999982833862,29.8,100.0,100.0,Ajuste
23.596793174743652,29.8,100.0,100.0,Ajuste
24.131859302520752,29.8,100.0,100.0,Ajuste
24.606868267059326,29.9,100.0,100.0,Ajuste
25.133646249771118,29.9,100.0,100.0,Ajuste
25.605786085128784,30.0,100.0,100.0,Ajuste
26.18916916847229,30.0,100.0,100.0,Ajuste
26.620484113693237,30.1,100.0,100.0,Ajuste
27.148414373397827,30.1,100.0,100.0,Ajuste
27.577874183654785,30.2,100.0,100.0,Ajuste
28.161131143569946,30.2,100.0,100.0,Ajuste
28.59444808959961,30.3,100.0,100.0,Ajuste
28.765247344970703,30.3,100.0,100.0,Ajuste
29.143956184387207,30.3,100.0,100.0,Ajuste
29.77267622947693,30.4,100.0,100.0,Ajuste
30.194729328155518,30.4,100.0,100.0,Ajuste
30.77294635772705,30.5,100.0,100.0,Ajuste
31.150904178619385,30.5,100.0,100.0,Ajuste
31.725688219070435,30.7,100.0,100.0,Ajuste
32.14850306510925,30.7,100.0,100.0,Ajuste
32.6375572681427,30.8,100.0,100.0,Ajuste
32.851229190826416,30.8,100.0,100.0,Ajuste
33.21397829055786,30.8,100.0,100.0,Ajuste
33.846203088760376,31.0,100.0,100.0,Ajuste
34.17281723022461,31.0,100.0,100.0,Ajuste
34.85631728172302,31.1,100.0,100.0,Ajuste
35.225603103637695,31.1,100.0,100.0,Ajuste
35.85770225524902,31.2,100.0,100.0,Ajuste
36.23199415206909,31.2,100.0,100.0,Ajuste
36.7188401222229,31.4,100.0,100.0,Ajuste
36.938520193099976,31.4,100.0,100.0,Ajuste
37.261513233184814,31.4,100.0,100.0,Ajuste
37.9485239982605,31.6,100.0,100.0,Ajuste
38.282559394836426,31.6,100.0,100.0,Ajuste
38.96908617019653,31.7,100.0,100.0,Ajuste
39.30057120323181,31.7,100.0,100.0,Ajuste
39.95276618003845,31.9,100.0,100.0,Ajuste
40.278945207595825,31.9,100.0,100.0,Ajuste
40.9192852973938,32.1,100.0,100.0,Ajuste
42.05465912818909,32.3,100.0,100.0,Ajuste
42.33151626586914,32.3,100.0,100.0,Ajuste
42.967623233795166,32.5,100.0,100.0,Ajuste
43.289504051208496,32.5,100.0,100.0,Ajuste
43.91313815116882,32.7,100.0,100.0,Ajuste
44.295249223709106,32.7,100.0,100.0,Ajuste
44.93976807594299,32.9,100.0,100.0,Ajuste
45.324538230895996,32.9,100.0,100.0,Ajuste
45.973188161849976,33.1,100.0,100.0,Ajuste
46.364126205444336,33.1,100.0,100.0,Ajuste
46.95313620567322,33.3,100.0,100.0,Ajuste
47.34477114677429,33.3,100.0,100.0,Ajuste
47.99690127372742,33.5,100.0,100.0,Ajuste
48.33148813247681,33.5,100.0,100.0,Ajuste
48.9206702709198,33.8,100.0,100.0,Ajuste
49.357959270477295,33.8,100.0,100.0,Ajuste
49.946258306503296,34.0,100.0,100.0,Ajuste
50.3237042427063,34.0,100.0,100.0,Ajuste
50.969210147857666,34.2,100.0,100.0,Ajuste
51.3543541431427,34.2,100.0,100.0,Ajuste
51.94939112663269,34.5,100.0,100.0,Ajuste
52.38522219657898,34.5,100.0,100.0,Ajuste
52.99926710128784,34.7,100.0,100.0,Ajuste
53.33565330505371,34.7,100.0,100.0,Ajuste
53.92464733123779,35.0,100.0,100.0,Ajuste
54.35691523551941,35.0,100.0,100.0,Ajuste
54.94912099838257,35.3,100.0,100.0,Ajuste
55.385661363601685,35.3,100.0,100.0,Ajuste
55.92954111099243,35.5,100.0,100.0,Ajuste
56.418620109558105,35.5,100.0,100.0,Ajuste
56.9597601890564,35.8,100.0,100.0,Ajuste
57.40204310417175,35.8,100.0,100.0,Ajuste
57.961875200271606,36.1,100.0,100.0,Ajuste
58.39791822433472,36.1,100.0,100.0,Ajuste
58.9368109703064,36.4,100.0,100.0,Ajuste
59.37485718727112,36.4,100.0,100.0,Ajuste
59.96666121482849,36.7,100.0,100.0,Ajuste
60.401363372802734,36.7,100.0,100.0,Ajuste
60.94255518913269,36.9,100.0,100.0,Ajuste
61.431519985198975,36.9,100.0,100.0,Ajuste
61.98054599761963,37.2,100.0,100.0,Ajuste
62.47143816947937,37.2,100.0,100.0,Ajuste
62.93307018280029,37.5,100.0,100.0,Ajuste
63.422399282455444,37.5,100.0,100.0,Ajuste
63.96740221977234,37.8,100.0,100.0,Ajuste
64.45130920410156,37.8,100.0,100.0,Ajuste
64.94676613807678,38.1,100.0,100.0,Ajuste
65.43901896476746,38.1,100.0,100.0,Ajuste
65.97361922264099,38.4,100.0,100.0,Ajuste
66.42334532737732,38.4,100.0,100.0,Ajuste
66.93752217292786,38.8,100.0,100.0,Ajuste
67.47551417350769,38.8,100.0,100.0,Ajuste
67.96930027008057,39.1,100.0,100.0,Ajuste
68.4677882194519,39.1,100.0,100.0,Ajuste
68.91494131088257,39.4,100.0,100.0,Ajuste
69.48420810699463,39.4,100.0,100.0,Ajuste
69.93988919258118,39.7,100.0,100.0,Ajuste
70.52708625793457,39.7,100.0,100.0,Ajuste
70.93042731285095,40.1,100.0,100.0,Ajuste
71.47214102745056,40.1,100.0,100.0,Ajuste
71.81922197341919,40.4,100.0,100.0,Ajuste
72.00602626800537,40.4,100.0,100.0,Ajuste
72.51004719734192,40.4,100.0,100.0,Ajuste
73.06156325340271,40.8,100.0,100.0,Ajuste
73.49511909484863,40.8,100.0,100.0,Ajuste
74.0491132736206,41.1,100.0,100.0,Ajuste
74.49252319335938,41.1,100.0,100.0,Ajuste
75.03963804244995,41.4,100.0,100.0,Ajuste
75.53109812736511,41.4,100.0,100.0,Ajuste
76.03262424468994,41.8,100.0,100.0,Ajuste
76.52895617485046,41.8,100.0,100.0,Ajuste
77.02537322044373,42.2,100.0,100.0,Ajuste
77.51786708831787,42.2,100.0,100.0,Ajuste
78.06433629989624,42.5,100.0,100.0,Ajuste
78.56178712844849,42.5,100.0,100.0,Ajuste
79.00590634346008,42.9,100.0,100.0,Ajuste
79.5013370513916,42.9,100.0,100.0,Ajuste
80.04813313484192,43.2,100.0,100.0,Ajuste
80.22786021232605,43.3,100.0,100.0,Ajuste
80.68439030647278,43.3,100.0,100.0,Ajuste
81.23855996131897,43.7,100.0,100.0,Ajuste
81.64037704467773,43.7,100.0,100.0,Ajuste
82.24241042137146,44.1,100.0,100.0,Ajuste
82.67980909347534,44.1,100.0,100.0,Ajuste
83.23639822006226,44.4,100.0,100.0,Ajuste
83.63437223434448,44.4,100.0,100.0,Ajuste
84.23671436309814,44.9,100.0,100.0,Ajuste
84.68057322502136,44.9,100.0,100.0,Ajuste
85.22991514205933,45.3,100.0,100.0,Ajuste
85.68274021148682,45.3,100.0,100.0,Ajuste
86.23891019821167,45.7,100.0,100.0,Ajuste
86.69127917289734,45.7,100.0,100.0,Ajuste
87.24138712882996,46.1,100.0,100.0,Ajuste
87.68654823303223,46.1,100.0,100.0,Ajuste
88.24147915840149,46.4,100.0,100.0,Ajuste
88.74064207077026,46.4,100.0,100.0,Ajuste
89.19679617881775,46.9,100.0,100.0,Ajuste
89.69879817962646,46.9,100.0,100.0,Ajuste
90.24840235710144,47.3,100.0,100.0,Ajuste
90.70318222045898,47.3,100.0,100.0,Ajuste
91.20557522773743,47.7,100.0,100.0,Ajuste
91.70318627357483,47.7,100.0,100.0,Ajuste
92.20347118377686,48.2,100.0,100.0,Ajuste
92.70743012428284,48.2,100.0,100.0,Ajuste
93.05977821350098,48.5,100.0,100.0,Ajuste
93.29649114608765,48.5,100.0,100.0,Ajuste
93.73547005653381,48.5,100.0,100.0,Ajuste
94.29682421684265,49.1,100.0,100.0,Ajuste
94.74411916732788,49.1,100.0,100.0,Ajuste
95.30013108253479,49.5,100.0,100.0,Ajuste
95.74936008453369,49.5,100.0,100.0,Ajuste
96.14639925956726,49.8,100.0,100.0,Ajuste
96.38227033615112,50.0,100.0,100.0,Ajuste
96.76790118217468,50.0,100.0,100.0,Ajuste
97.32529306411743,50.4,100.0,100.0,Ajuste
97.77292513847351,50.4,100.0,100.0,Ajuste
98.33103919029236,50.9,100.0,100.0,Ajuste
98.77851915359497,50.9,100.0,100.0,Ajuste
99.39748311042786,51.3,100.0,100.0,Ajuste
99.796959400177,51.3,100.0,100.0,Ajuste
100.35386633872986,51.8,100.0,100.0,Ajuste
100.74989533424377,51.8,100.0,100.0,Ajuste
101.35434818267822,52.3,100.0,100.0,Ajuste
101.80206322669983,52.3,100.0,100.0,Ajuste
102.35320234298706,52.8,100.0,100.0,Ajuste
102.79991507530212,52.8,100.0,100.0,Ajuste
103.35642528533936,53.2,100.0,100.0,Ajuste
103.8014190196991,53.2,100.0,100.0,Ajuste
104.35152530670166,53.7,100.0,100.0,Ajuste
104.79989910125732,53.7,100.0,100.0,Ajuste
105.35470819473267,54.2,100.0,100.0,Ajuste
105.80398511886597,54.2,100.0,100.0,Ajuste
106.31657719612122,54.7,100.0,100.0,Ajuste
106.81819415092468,54.7,100.0,100.0,Ajuste
107.3216462135315,55.3,100.0,100.0,Ajuste
107.8332872390747,55.3,100.0,100.0,Ajuste
108.35592818260193,55.8,100.0,100.0,Ajuste
108.85625314712524,55.8,100.0,100.0,Ajuste
109.3670482635498,56.3,100.0,100.0,Ajuste
109.82641100883484,56.3,100.0,100.0,Ajuste
110.3279013633728,56.8,100.0,100.0,Ajuste
110.83247208595276,56.8,100.0,100.0,Ajuste
111.34874224662781,57.4,100.0,100.0,Ajuste
111.86146020889282,57.4,100.0,100.0,Ajuste
112.26441431045532,57.8,100.0,100.0,Ajuste
112.50890517234802,58.0,100.0,100.0,Ajuste
112.90134406089783,58.0,100.0,100.0,Ajuste
113.51875400543213,58.5,100.0,100.0,Ajuste
113.8650381565094,58.5,100.0,100.0,Ajuste
114.47607111930847,59.0,100.0,100.0,Ajuste
114.89011311531067,59.0,100.0,100.0,Ajuste
115.50057220458984,59.6,100.0,100.0,Ajuste
115.90676403045654,59.6,100.0,100.0,Ajuste
116.4766902923584,60.2,100.0,100.0,Ajuste
116.87998723983765,60.2,100.0,100.0,Ajuste
117.4901511669159,60.8,100.0,100.0,Ajuste
117.94175100326538,60.8,100.0,100.0,Ajuste
118.45186018943787,61.4,100.0,100.0,Ajuste
118.9134693145752,61.4,100.0,100.0,Ajuste
119.47714519500732,62.0,100.0,100.0,Ajuste
119.8855471611023,62.0,100.0,100.0,Ajuste
120.44662404060364,62.6,100.0,100.0,Ajuste
120.95557117462158,62.6,100.0,100.0,Ajuste
121.46078109741211,63.2,100.0,100.0,Ajuste
121.91783618927002,63.2,100.0,100.0,Ajuste
122.48061633110046,63.8,100.0,100.0,Ajuste
122.93795132637024,63.8,100.0,100.0,Ajuste
123.4585542678833,64.5,100.0,100.0,Ajuste
123.96556901931763,64.5,100.0,100.0,Ajuste
124.4716591835022,65.1,100.0,100.0,Ajuste
124.92286729812622,65.1,100.0,100.0,Ajuste
125.47722697257996,65.8,100.0,100.0,Ajuste
125.99302911758423,65.8,100.0,100.0,Ajuste
126.45733714103699,66.4,100.0,100.0,Ajuste
126.96206903457642,66.4,100.0,100.0,Ajuste
127.47232937812805,67.1,100.0,100.0,Ajuste
127.9267692565918,67.1,100.0,100.0,Ajuste
128.4924521446228,67.7,100.0,100.0,Ajuste
128.9540832042694,67.7,100.0,100.0,Ajuste
129.46824431419373,68.4,100.0,100.0,Ajuste
129.9755780696869,68.4,100.0,100.0,Ajuste
130.44652009010315,69.1,100.0,100.0,Ajuste
130.98701906204224,69.1,100.0,100.0,Ajuste
131.49984312057495,69.8,100.0,100.0,Ajuste
132.01387119293213,69.8,100.0,100.0,Ajuste
132.47314834594727,70.5,100.0,100.0,Ajuste
132.97752809524536,70.5,100.0,100.0,Ajuste
133.43602514266968,71.2,100.0,100.0,Ajuste
133.99640822410583,71.2,100.0,100.0,Ajuste
134.46175527572632,72.0,100.0,100.0,Ajuste
135.01728510856628,72.0,100.0,100.0,Ajuste
135.48463106155396,72.7,100.0,100.0,Ajuste
135.9984712600708,72.7,100.0,100.0,Ajuste
136.46573734283447,73.3,100.0,100.0,Ajuste
137.0206642150879,73.3,100.0,100.0,Ajuste
137.49673008918762,74.1,100.0,100.0,Ajuste
138.05381035804749,74.1,100.0,100.0,Ajuste
138.47485327720642,74.9,100.0,100.0,Ajuste
139.0373570919037,74.9,100.0,100.0,Ajuste
139.4962191581726,75.6,100.0,100.0,Ajuste
140.06222414970398,75.6,100.0,100.0,Ajuste
140.4749150276184,76.3,100.0,100.0,Ajuste
141.04069924354553,76.3,100.0,100.0,Ajuste
141.45414924621582,77.1,100.0,100.0,Ajuste
142.0687873363495,77.1,100.0,100.0,Ajuste
142.48555636405945,77.8,100.0,100.0,Ajuste
143.09970211982727,77.8,100.0,100.0,Ajuste
143.46616435050964,78.6,100.0,100.0,Ajuste
144.0755512714386,78.6,100.0,100.0,Ajuste
144.33202028274536,79.2,100.0,100.0,Ajuste
144.53147625923157,79.3,100.0,100.0,Ajuste
145.0494031906128,79.3,100.0,100.0,Ajuste
145.50525426864624,80.1,100.0,100.0,Ajuste
146.067378282547,80.1,100.0,100.0,Ajuste
146.47236037254333,80.8,100.0,100.0,Ajuste
147.0775270462036,80.8,100.0,100.0,Ajuste
147.48688101768494,81.6,100.0,100.0,Ajuste
148.09608435630798,81.6,100.0,100.0,Ajuste
148.4623143672943,82.3,100.0,100.0,Ajuste
149.06983423233032,82.3,100.0,100.0,Ajuste
149.487398147583,83.0,100.0,100.0,Ajuste
150.09974336624146,83.0,100.0,100.0,Ajuste
150.46284317970276,83.8,100.0,100.0,Ajuste
151.1239402294159,83.8,100.0,100.0,Ajuste
151.48943614959717,84.5,100.0,100.0,Ajuste
152.09665822982788,84.5,100.0,100.0,Ajuste
152.46112418174744,85.3,100.0,100.0,Ajuste
153.1207082271576,85.3,100.0,100.0,Ajuste
153.44335222244263,86.0,100.0,100.0,Ajuste
154.10338926315308,86.0,100.0,100.0,Ajuste
154.47784233093262,86.8,100.0,100.0,Ajuste
155.14110112190247,86.8,100.0,100.0,Ajuste
155.45909118652344,87.6,100.0,100.0,Ajuste
156.1260941028595,87.6,100.0,100.0,Ajuste
156.49961113929749,88.3,100.0,100.0,Ajuste
157.1618890762329,88.3,100.0,100.0,Ajuste
157.47567224502563,89.0,100.0,100.0,Ajuste
158.15065217018127,89.0,100.0,100.0,Ajuste
158.47634410858154,89.8,100.0,100.0,Ajuste
159.15275025367737,89.8,100.0,100.0,Ajuste
159.3737862110138,90.4,100.0,100.0,Ajuste
159.65444135665894,90.6,100.0,100.0,Ajuste
160.15399599075317,90.6,100.0,100.0,Ajuste
160.58231711387634,91.4,100.0,100.0,Ajuste
161.2065942287445,91.4,100.0,100.0,Ajuste
161.43318819999695,91.9,100.0,100.0,Ajuste
161.6640121936798,92.1,100.0,100.0,Ajuste
162.19308733940125,92.1,100.0,100.0,Ajuste
162.66443419456482,92.9,100.0,100.0,Ajuste
163.24043107032776,92.9,100.0,100.0,Ajuste
163.5177390575409,93.5,100.0,100.0,Ajuste
163.74349117279053,93.7,100.0,100.0,Ajuste
164.22039127349854,93.7,100.0,100.0,Ajuste
164.6465401649475,94.4,100.0,100.0,Ajuste
165.2164170742035,94.4,100.0,100.0,Ajuste
165.69645524024963,95.1,100.0,100.0,Ajuste
166.21732234954834,95.1,100.0,100.0,Ajuste
166.69663214683533,95.9,100.0,100.0,Ajuste
167.21881914138794,95.9,100.0,100.0,Ajuste
167.69490814208984,96.7,100.0,100.0,Ajuste
168.2105541229248,96.7,100.0,100.0,Ajuste
168.65136003494263,97.3,100.0,100.0,Ajuste
169.27495121955872,97.3,100.0,100.0,Ajuste
169.70489525794983,98.1,100.0,100.0,Ajuste
170.22333526611328,98.1,100.0,100.0,Ajuste
170.69934821128845,98.8,100.0,100.0,Ajuste
171.21951007843018,98.8,100.0,100.0,Ajuste
171.69477725028992,99.6,100.0,100.0,Ajuste
172.276602268219,99.6,100.0,100.0,Ajuste
172.7052412033081,100.3,100.0,100.0,Ajuste
173.2644910812378,100.3,100.0,100.0,Ajuste
173.6925802230835,101.0,100.0,100.0,Ajuste
174.2760672569275,101.0,100.0,100.0,Ajuste
174.70463514328003,101.8,100.0,0.0,Ajuste
175.2928750514984,101.8,100.0,0.0,Ajuste
175.67124915122986,102.5,100.0,0.0,Ajuste
176.30140900611877,102.5,100.0,0.0,Ajuste
176.67607426643372,103.2,100.0,0.0,Ajuste
177.3052122592926,103.2,100.0,0.0,Ajuste
177.6904091835022,104.0,100.0,0.0,Ajuste
178.32142114639282,104.0,100.0,0.0,Ajuste
178.67059922218323,104.7,100.0,0.0,Ajuste
179.2900640964508,104.7,100.0,0.0,Ajuste
179.67285704612732,105.4,100.0,0.0,Ajuste
180.30083298683167,105.4,100.0,0.0,Ajuste
180.6803493499756,106.1,100.0,0.0,Ajuste
181.31697821617126,106.1,100.0,0.0,Ajuste
181.69497323036194,106.8,100.0,0.0,Ajuste
182.31988501548767,106.8,100.0,0.0,Ajuste
182.69935011863708,107.5,100.0,0.0,Ajuste
183.33222126960754,107.5,100.0,0.0,Ajuste
183.66098022460938,108.2,100.0,0.0,Ajuste
184.39720821380615,108.2,100.0,0.0,Ajuste
184.63396406173706,108.9,100.0,0.0,Ajuste
185.3389003276825,108.9,100.0,0.0,Ajuste
185.69078612327576,109.5,100.0,0.0,Ajuste
186.376873254776,109.5,100.0,0.0,Ajuste
186.71477222442627,110.2,100.0,0.0,Ajuste
187.3435652256012,110.2,100.0,0.0,Ajuste
187.6748263835907,110.8,100.0,0.0,Ajuste
188.35478401184082,110.8,100.0,0.0,Ajuste
188.6370072364807,111.4,100.0,0.0,Ajuste
189.42453718185425,111.4,100.0,0.0,Ajuste
189.69041109085083,112.0,100.0,0.0,Ajuste
190.38871908187866,112.0,100.0,0.0,Ajuste
190.66138911247253,112.5,100.0,0.0,Ajuste
191.38800525665283,112.5,100.0,0.0,Ajuste
191.65913701057434,113.1,100.0,0.0,Ajuste
192.38948726654053,113.1,100.0,0.0,Ajuste
192.6822521686554,113.6,100.0,0.0,Ajuste
193.40638422966003,113.6,100.0,0.0,Ajuste
193.68401622772217,114.1,100.0,0.0,Ajuste
194.41485905647278,114.1,100.0,0.0,Ajuste
194.6418752670288,114.6,100.0,0.0,Ajuste
195.3829061985016,114.6,100.0,0.0,Ajuste
195.6225390434265,115.1,100.0,0.0,Ajuste
196.47859025001526,115.1,100.0,0.0,Ajuste
196.71054911613464,115.4,100.0,0.0,Ajuste
197.46248507499695,115.4,100.0,0.0,Ajuste
197.69637823104858,115.8,100.0,0.0,Ajuste
198.4453103542328,115.8,100.0,0.0,Ajuste
198.73439621925354,116.2,100.0,0.0,Ajuste
199.47881436347961,116.2,100.0,0.0,Ajuste
199.70935320854187,116.5,100.0,0.0,Ajuste
200.51314520835876,116.5,100.0,0.0,Ajuste
200.7360770702362,116.9,100.0,0.0,Ajuste
201.46870517730713,116.9,100.0,0.0,Ajuste
201.72832322120667,117.2,100.0,0.0,Ajuste
202.49195742607117,117.2,100.0,0.0,Ajuste
202.71874403953552,117.5,100.0,0.0,Ajuste
203.47532415390015,117.5,100.0,0.0,Ajuste
203.75530123710632,117.7,100.0,0.0,Ajuste
204.4777672290802,117.7,100.0,0.0,Ajuste
204.70398831367493,118.0,100.0,0.0,Ajuste
205.51532530784607,118.0,100.0,0.0,Ajuste
205.7454011440277,118.2,100.0,0.0,Ajuste
206.49465608596802,118.2,100.0,0.0,Ajuste
206.7237753868103,118.4,100.0,0.0,Ajuste
207.523264169693,118.4,100.0,0.0,Ajuste
207.7501790523529,118.6,100.0,0.0,Ajuste
208.55124521255493,118.6,100.0,0.0,Ajuste
208.7815601825714,118.8,100.0,0.0,Ajuste
209.54237008094788,118.8,100.0,0.0,Ajuste
209.77417421340942,118.9,100.0,0.0,Ajuste
210.5361499786377,118.9,100.0,0.0,Ajuste
210.77750706672668,119.1,100.0,0.0,Ajuste
211.5278992652893,119.1,100.0,0.0,Ajuste
211.7597622871399,119.2,100.0,0.0,Ajuste
212.56204533576965,119.2,100.0,0.0,Ajuste
212.81283617019653,119.2,100.0,0.0,Ajuste
213.57650303840637,119.2,100.0,0.0,Ajuste
213.811261177063,119.3,100.0,0.0,Ajuste
214.58198022842407,119.3,100.0,0.0,Ajuste
214.81305599212646,119.4,100.0,0.0,Ajuste
215.61880230903625,119.4,100.0,0.0,Ajuste
215.8550901412964,119.5,100.0,0.0,Ajuste
216.61014223098755,119.5,100.0,0.0,Ajuste
216.84720730781555,119.5,100.0,0.0,Ajuste
217.6012532711029,119.5,100.0,0.0,Ajuste
217.84970116615295,119.6,100.0,0.0,Ajuste
218.60393524169922,119.6,100.0,0.0,Ajuste
218.83729934692383,119.6,100.0,0.0,Ajuste
219.63253235816956,119.6,100.0,0.0,Ajuste
219.86883211135864,119.6,100.0,0.0,Ajuste
220.5638952255249,119.6,100.0,0.0,Ajuste
220.79096126556396,119.6,100.0,0.0,Ajuste
221.59403109550476,119.6,100.0,0.0,Ajuste
221.87764239311218,119.6,100.0,0.0,Ajuste
222.60768222808838,119.6,100.0,0.0,Ajuste
222.83954620361328,119.5,100.0,0.0,Ajuste
223.64131832122803,119.5,100.0,0.0,Ajuste
223.87129521369934,119.5,100.0,0.0,Ajuste
224.6642370223999,119.5,100.0,0.0,Ajuste
224.89892625808716,119.4,100.0,0.0,Ajuste
225.64976835250854,119.4,100.0,0.0,Ajuste
225.8835141658783,119.4,100.0,0.0,Ajuste
226.67784118652344,119.4,100.0,0.0,Ajuste
226.9206793308258,119.3,100.0,0.0,Ajuste
227.72334909439087,119.3,100.0,0.0,Ajuste
227.95284605026245,119.3,100.0,0.0,Ajuste
228.66311812400818,119.3,100.0,0.0,Ajuste
228.97660636901855,119.2,100.0,0.0,Ajuste
229.66499137878418,119.2,100.0,0.0,Ajuste
229.95285725593567,119.1,100.0,0.0,Ajuste
230.70031833648682,119.1,100.0,0.0,Ajuste
230.94123125076294,119.1,100.0,0.0,Ajuste
231.69470119476318,119.1,100.0,0.0,Ajuste
231.9851450920105,118.9,100.0,0.0,Ajuste
232.72009229660034,118.9,100.0,0.0,Ajuste
232.95048809051514,118.9,100.0,0.0,Ajuste
233.7091841697693,118.9,100.0,0.0,Ajuste
233.95379400253296,118.8,100.0,0.0,Ajuste
234.76072120666504,118.8,100.0,0.0,Ajuste
235.0515320301056,118.7,100.0,0.0,Ajuste
235.74059414863586,118.7,100.0,0.0,Ajuste
236.03743529319763,118.6,100.0,0.0,Ajuste
236.77347421646118,118.6,100.0,0.0,Ajuste
237.0551881790161,118.5,100.0,0.0,Ajuste
237.7405891418457,118.5,100.0,0.0,Ajuste
238.0275740623474,118.4,100.0,0.0,Ajuste
238.76343512535095,118.4,100.0,0.0,Ajuste
239.04705715179443,118.3,100.0,0.0,Ajuste
239.78350734710693,118.3,100.0,0.0,Ajuste
240.01768016815186,118.1,100.0,0.0,Ajuste
240.76548719406128,118.1,100.0,0.0,Ajuste
241.00139737129211,118.1,100.0,0.0,Ajuste
241.80096626281738,118.1,100.0,0.0,Ajuste
242.03897523880005,117.9,100.0,0.0,Ajuste
242.79833436012268,117.9,100.0,0.0,Ajuste
243.08721041679382,117.8,100.0,0.0,Ajuste
243.77182626724243,117.8,100.0,0.0,Ajuste
244.01044034957886,117.7,100.0,0.0,Ajuste
244.78196120262146,117.7,100.0,0.0,Ajuste
245.0336570739746,117.5,100.0,0.0,Ajuste
245.82754111289978,117.5,100.0,0.0,Ajuste
246.07749128341675,117.4,100.0,0.0,Ajuste
246.85137724876404,117.4,100.0,0.0,Ajuste
247.10363006591797,117.3,100.0,0.0,Ajuste
247.8291962146759,117.3,100.0,0.0,Ajuste
248.07940912246704,117.1,100.0,0.0,Ajuste
248.83497428894043,117.1,100.0,0.0,Ajuste
249.07959818840027,117.0,100.0,0.0,Ajuste
249.83416438102722,117.0,100.0,0.0,Ajuste
250.08685326576233,116.8,100.0,0.0,Ajuste
250.844003200531,116.8,100.0,0.0,Ajuste
251.08457112312317,116.7,100.0,0.0,Ajuste
251.84493827819824,116.7,100.0,0.0,Ajuste
252.08095407485962,116.6,100.0,0.0,Ajuste
252.83609533309937,116.6,100.0,0.0,Ajuste
253.07748222351074,116.4,100.0,0.0,Ajuste
253.83398032188416,116.4,100.0,0.0,Ajuste
254.076562166214,116.3,100.0,0.0,Ajuste
254.88098216056824,116.3,100.0,0.0,Ajuste
255.1199390888214,116.2,100.0,0.0,Ajuste
255.87387800216675,116.2,100.0,0.0,Ajuste
256.1148762702942,116.0,100.0,0.0,Ajuste
256.87277913093567,116.0,100.0,0.0,Ajuste
257.1118152141571,115.8,100.0,0.0,Ajuste
257.8725800514221,115.8,100.0,0.0,Ajuste
258.1649091243744,115.7,100.0,0.0,Ajuste
258.95601415634155,115.5,100.0,0.0,Ajuste
259.2081172466278,115.5,100.0,0.0,Ajuste
259.9246971607208,115.5,100.0,0.0,Ajuste
260.22909021377563,115.4,100.0,0.0,Ajuste
260.94673204421997,115.4,100.0,0.0,Ajuste
261.2024371623993,115.2,100.0,0.0,Ajuste
261.92550230026245,115.2,100.0,0.0,Ajuste
262.2237801551819,115.1,100.0,0.0,Ajuste
262.92226219177246,115.1,100.0,0.0,Ajuste
263.2197082042694,114.9,100.0,0.0,Ajuste
263.9763734340668,114.9,100.0,0.0,Ajuste
264.22803926467896,114.8,100.0,0.0,Ajuste
265.0023412704468,114.8,100.0,0.0,Ajuste
265.25195026397705,114.6,100.0,0.0,Ajuste
265.983745098114,114.6,100.0,0.0,Ajuste
266.2514171600342,114.4,100.0,0.0,Ajuste
266.95634627342224,114.4,100.0,0.0,Ajuste
267.25602197647095,114.3,100.0,0.0,Ajuste
268.0196490287781,114.3,100.0,0.0,Ajuste
268.26716208457947,114.1,100.0,0.0,Ajuste
268.9964590072632,114.1,100.0,0.0,Ajuste
269.25433325767517,114.0,100.0,0.0,Ajuste
269.9777672290802,114.0,100.0,0.0,Ajuste
270.2226822376251,113.8,100.0,0.0,Ajuste
270.99142122268677,113.8,100.0,0.0,Ajuste
271.24130511283875,113.6,100.0,0.0,Ajuste
272.0190272331238,113.6,100.0,0.0,Ajuste
272.2689940929413,113.4,100.0,0.0,Ajuste
273.0361692905426,113.4,100.0,0.0,Ajuste
273.28778529167175,113.3,100.0,0.0,Ajuste
274.05767822265625,113.3,100.0,0.0,Ajuste
274.32338213920593,113.2,100.0,0.0,Ajuste
275.0365324020386,113.2,100.0,0.0,Ajuste
275.28250432014465,113.0,100.0,0.0,Ajuste
276.0073792934418,113.0,100.0,0.0,Ajuste
276.25486421585083,112.8,100.0,0.0,Ajuste
277.0686831474304,112.8,100.0,0.0,Ajuste
277.3195970058441,112.7,100.0,0.0,Ajuste
278.0362973213196,112.7,100.0,0.0,Ajuste
278.2918493747711,112.5,100.0,0.0,Ajuste
279.06301736831665,112.5,100.0,0.0,Ajuste
279.31796503067017,112.3,100.0,0.0,Ajuste
280.08144521713257,112.3,100.0,0.0,Ajuste
280.326562166214,112.1,100.0,0.0,Ajuste
281.08709239959717,112.1,100.0,0.0,Ajuste
281.33120107650757,112.0,100.0,0.0,Ajuste
282.0953540802002,112.0,100.0,0.0,Ajuste
282.3397331237793,111.8,100.0,0.0,Ajuste
283.1002151966095,111.8,100.0,0.0,Ajuste
283.34689116477966,111.6,100.0,0.0,Ajuste
284.11341619491577,111.6,100.0,0.0,Ajuste
284.3665542602539,111.5,100.0,0.0,Ajuste
285.07796931266785,111.4,100.0,0.0,Ajuste
285.33555912971497,111.4,100.0,0.0,Ajuste
286.1259341239929,111.4,100.0,0.0,Ajuste
286.383816242218,111.2,100.0,0.0,Ajuste
287.1019923686981,111.2,100.0,0.0,Ajuste
287.3641850948334,111.0,100.0,0.0,Ajuste
288.13852620124817,111.0,100.0,0.0,Ajuste
288.3954622745514,110.9,100.0,0.0,Ajuste
289.1753931045532,110.9,100.0,0.0,Ajuste
289.431853055954,110.7,100.0,0.0,Ajuste
290.17916798591614,110.7,100.0,0.0,Ajuste
290.4394052028656,110.5,100.0,0.0,Ajuste
291.1601881980896,110.5,100.0,0.0,Ajuste
291.41479229927063,110.4,100.0,0.0,Ajuste
292.1910352706909,110.4,100.0,0.0,Ajuste
292.45065426826477,110.2,100.0,0.0,Ajuste
293.17282915115356,110.2,100.0,0.0,Ajuste
293.43225598335266,110.0,100.0,0.0,Ajuste
294.2162342071533,110.0,100.0,0.0,Ajuste
294.47362208366394,109.8,100.0,0.0,Ajuste
295.2000513076782,109.8,100.0,0.0,Ajuste
295.46190309524536,109.6,100.0,0.0,Ajuste
296.1927192211151,109.6,100.0,0.0,Ajuste
296.4418742656708,109.5,100.0,0.0,Ajuste
297.2157230377197,109.5,100.0,0.0,Ajuste
297.47304129600525,109.3,100.0,0.0,Ajuste
298.1892263889313,109.3,100.0,0.0,Ajuste
298.44052028656006,109.2,100.0,0.0,Ajuste
299.21234130859375,109.2,100.0,0.0,Ajuste
299.46505331993103,109.0,100.0,0.0,Ajuste
300.24303102493286,109.0,100.0,0.0,Ajuste
300.4983112812042,108.9,100.0,0.0,Ajuste
301.2228400707245,108.9,100.0,0.0,Ajuste
301.47707319259644,108.7,100.0,0.0,Ajuste
302.24739122390747,108.7,100.0,0.0,Ajuste
302.50740122795105,108.5,100.0,0.0,Ajuste
303.23167729377747,108.5,100.0,0.0,Ajuste
303.49476623535156,108.3,100.0,0.0,Ajuste
304.21534514427185,108.3,100.0,0.0,Ajuste
304.47236728668213,108.2,100.0,0.0,Ajuste
305.2560062408447,108.2,100.0,0.0,Ajuste
305.5135431289673,108.1,100.0,0.0,Ajuste
306.2899363040924,108.1,100.0,0.0,Ajuste
306.5619010925293,107.9,100.0,0.0,Ajuste
307.2953882217407,107.9,100.0,0.0,Ajuste
307.5651762485504,107.7,100.0,0.0,Ajuste
308.29966020584106,107.7,100.0,0.0,Ajuste
308.56832098960876,107.5,100.0,0.0,Ajuste
309.30032324790955,107.5,100.0,0.0,Ajuste
309.5624451637268,107.4,100.0,0.0,Ajuste
310.3032991886139,107.4,100.0,0.0,Ajuste
310.5679712295532,107.1,100.0,0.0,Ajuste
311.30449628829956,107.1,100.0,0.0,Ajuste
311.56413221359253,107.0,100.0,0.0,Ajuste
312.29804730415344,107.0,100.0,0.0,Ajuste
312.5955431461334,106.9,100.0,0.0,Ajuste
313.328732252121,106.9,100.0,0.0,Ajuste
313.58704018592834,106.7,100.0,0.0,Ajuste
314.30912923812866,106.7,100.0,0.0,Ajuste
314.6184833049774,106.5,100.0,0.0,Ajuste
315.33437418937683,106.5,100.0,0.0,Ajuste
315.58866834640503,106.4,100.0,0.0,Ajuste
316.31437826156616,106.4,100.0,0.0,Ajuste
316.62160205841064,106.2,100.0,0.0,Ajuste
317.329478263855,106.2,100.0,0.0,Ajuste
317.6386671066284,106.0,100.0,0.0,Ajuste
318.3505153656006,106.0,100.0,0.0,Ajuste
318.6077251434326,105.8,100.0,0.0,Ajuste
319.3350410461426,105.8,100.0,0.0,Ajuste
319.5969331264496,105.7,100.0,0.0,Ajuste
320.341539144516,105.7,100.0,0.0,Ajuste
320.65265107154846,105.5,100.0,0.0,Ajuste
321.36815309524536,105.5,100.0,0.0,Ajuste
321.6305432319641,105.4,100.0,0.0,Ajuste
322.3581192493439,105.4,100.0,0.0,Ajuste
322.62273931503296,105.1,100.0,0.0,Ajuste
323.403537273407,105.1,100.0,0.0,Ajuste
323.6697430610657,105.0,100.0,0.0,Ajuste
324.39855003356934,105.0,100.0,0.0,Ajuste
324.66050720214844,104.8,100.0,0.0,Ajuste
325.3906180858612,104.8,100.0,0.0,Ajuste
325.66963934898376,104.6,100.0,0.0,Ajuste
326.40506315231323,104.6,100.0,0.0,Ajuste
326.67218708992004,104.4,100.0,0.0,Ajuste
327.4554052352905,104.4,100.0,0.0,Ajuste
327.7198121547699,104.3,100.0,0.0,Ajuste
328.450323343277,104.3,100.0,0.0,Ajuste
328.7154321670532,104.1,100.0,0.0,Ajuste
329.4527893066406,104.1,100.0,0.0,Ajuste
329.72000312805176,103.9,100.0,0.0,Ajuste
330.4662961959839,103.9,100.0,0.0,Ajuste
330.73723435401917,103.7,100.0,0.0,Ajuste
331.46654629707336,103.7,100.0,0.0,Ajuste
331.73872423171997,103.5,100.0,0.0,Ajuste
332.5189561843872,103.5,100.0,0.0,Ajuste
332.7870991230011,103.4,100.0,0.0,Ajuste
333.46762228012085,103.4,100.0,0.0,Ajuste
333.78911209106445,103.2,100.0,0.0,Ajuste
334.50230717658997,103.2,100.0,0.0,Ajuste
334.76542830467224,103.1,100.0,0.0,Ajuste
335.5020842552185,103.1,100.0,0.0,Ajuste
335.7660973072052,102.9,100.0,0.0,Ajuste
336.4907991886139,102.9,100.0,0.0,Ajuste
336.75524139404297,102.8,100.0,0.0,Ajuste
337.4838032722473,102.8,100.0,0.0,Ajuste
337.7472462654114,102.6,100.0,0.0,Ajuste
338.5221161842346,102.6,100.0,0.0,Ajuste
338.7911763191223,102.4,100.0,0.0,Ajuste
339.51436734199524,102.4,100.0,0.0,Ajuste
339.7859513759613,102.3,100.0,0.0,Ajuste
340.5260591506958,102.3,100.0,0.0,Ajuste
340.79896426200867,102.2,100.0,0.0,Ajuste
341.540824174881,102.2,100.0,0.0,Ajuste
341.8051950931549,102.0,100.0,0.0,Ajuste
342.54148411750793,102.0,100.0,0.0,Ajuste
342.820597410202,101.9,100.0,0.0,Ajuste
343.56562304496765,101.9,100.0,0.0,Ajuste
343.8411991596222,101.7,100.0,0.0,Ajuste
344.56854915618896,101.7,100.0,0.0,Ajuste
344.83912801742554,101.6,100.0,0.0,Ajuste
345.57606506347656,101.6,100.0,0.0,Ajuste
345.84731221199036,101.5,100.0,0.0,Ajuste
346.5867073535919,101.5,100.0,0.0,Ajuste
346.8524453639984,101.4,100.0,0.0,Ajuste
347.5917761325836,101.4,100.0,0.0,Ajuste
347.8638801574707,101.2,100.0,0.0,Ajuste
348.5972480773926,101.2,100.0,0.0,Ajuste
348.872629404068,101.1,100.0,0.0,Ajuste
349.6550841331482,101.1,100.0,0.0,Ajuste
349.9281573295593,100.9,100.0,0.0,Ajuste
350.65500020980835,100.9,100.0,0.0,Ajuste
350.9225022792816,100.8,100.0,0.0,Ajuste
351.6109411716461,100.8,100.0,0.0,Ajuste
351.94307827949524,100.7,100.0,0.0,Ajuste
352.6632790565491,100.7,100.0,0.0,Ajuste
352.93152928352356,100.5,100.0,0.0,Ajuste
353.6671612262726,100.5,100.0,0.0,Ajuste
353.93321800231934,100.4,100.0,0.0,Ajuste
354.6629559993744,100.3,100.0,0.0,Ajuste
354.9266972541809,100.3,100.0,0.0,Ajuste
355.6637864112854,100.3,100.0,0.0,Ajuste
355.9363672733307,100.1,100.0,0.0,Ajuste
356.677273273468,100.1,100.0,0.0,Ajuste
356.9966902732849,100.0,100.0,0.0,Ajuste
357.67295718193054,100.0,100.0,0.0,Ajuste
357.9944632053375,99.8,100.0,0.0,Ajuste
358.660001039505,99.8,100.0,0.0,Ajuste
358.9305992126465,99.7,100.0,0.0,Ajuste
359.6716961860657,99.7,100.0,0.0,Ajuste
359.9975461959839,99.6,100.0,0.0,Ajuste
360.720822095871,99.6,100.0,0.0,Ajuste
360.99904918670654,99.5,100.0,0.0,Ajuste
361.68833923339844,99.5,100.0,0.0,Ajuste
361.9634222984314,99.3,100.0,0.0,Ajuste
362.70457124710083,99.3,100.0,0.0,Ajuste
362.9814352989197,99.2,100.0,0.0,Ajuste
363.77610421180725,99.2,100.0,0.0,Ajuste
364.05298614501953,99.0,100.0,0.0,Ajuste
364.7502341270447,99.0,100.0,0.0,Ajuste
365.0257091522217,98.9,100.0,0.0,Ajuste
365.7196002006531,98.8,100.0,0.0,Ajuste
365.9923691749573,98.8,100.0,0.0,Ajuste
366.74033308029175,98.8,100.0,0.0,Ajuste
367.01547026634216,98.6,100.0,0.0,Ajuste
367.76083517074585,98.6,100.0,0.0,Ajuste
368.08799409866333,98.5,100.0,100.0,Ajuste
368.76669216156006,98.5,100.0,100.0,Ajuste
369.04618215560913,98.3,100.0,100.0,Ajuste
369.7844021320343,98.3,100.0,100.0,Ajuste
370.0673201084137,98.2,100.0,100.0,Ajuste
370.83115005493164,98.1,100.0,100.0,Ajuste
371.09989619255066,98.1,100.0,100.0,Ajuste
371.789537191391,98.1,100.0,100.0,Ajuste
372.1283311843872,97.9,100.0,100.0,Ajuste
372.7664632797241,97.9,100.0,100.0,Ajuste
373.1137111186981,97.8,100.0,100.0,Ajuste
373.79261016845703,97.8,100.0,100.0,Ajuste
374.1206831932068,97.6,100.0,100.0,Ajuste
374.7981083393097,97.6,100.0,100.0,Ajuste
375.0830671787262,97.6,100.0,100.0,Ajuste
375.8303961753845,97.6,100.0,100.0,Ajuste
376.1146490573883,97.4,100.0,100.0,Ajuste
376.863721370697,97.4,100.0,100.0,Ajuste
377.1439411640167,97.3,100.0,100.0,Ajuste
377.843789100647,97.3,100.0,100.0,Ajuste
378.12570333480835,97.2,100.0,100.0,Ajuste
378.82377433776855,97.2,100.0,100.0,Ajuste
379.10153126716614,97.2,100.0,100.0,Ajuste
379.82639837265015,97.2,100.0,100.0,Ajuste
380.1064991950989,97.1,100.0,100.0,Ajuste
380.841304063797,97.1,100.0,100.0,Ajuste
381.1264293193817,97.0,100.0,100.0,Ajuste
381.87429022789,97.0,100.0,100.0,Ajuste
382.1600661277771,97.0,100.0,100.0,Ajuste
382.90443420410156,97.0,100.0,100.0,Ajuste
383.23065519332886,97.0,100.0,100.0,Ajuste
383.856436252594,97.0,100.0,100.0,Ajuste
384.1885812282562,96.9,100.0,100.0,Ajuste
384.8659870624542,96.9,100.0,100.0,Ajuste
385.1425893306732,96.9,100.0,100.0,Ajuste
385.8957402706146,96.9,100.0,100.0,Ajuste
386.220103263855,96.9,100.0,100.0,Ajuste
386.89188718795776,96.9,100.0,100.0,Ajuste
387.16563725471497,96.9,100.0,100.0,Ajuste
387.90497612953186,96.9,100.0,100.0,Ajuste
388.17935514450073,97.0,100.0,100.0,Ajuste
388.93661999702454,97.0,100.0,100.0,Ajuste
389.21413707733154,97.0,100.0,100.0,Ajuste
389.9057071208954,97.0,100.0,100.0,Ajuste
390.18501019477844,97.1,100.0,100.0,Ajuste
390.92812728881836,97.1,100.0,100.0,Ajuste
391.2073142528534,97.3,100.0,100.0,Ajuste
391.9521760940552,97.3,100.0,100.0,Ajuste
392.2297441959381,97.3,100.0,100.0,Ajuste
392.97886514663696,97.3,100.0,100.0,Ajuste
393.2603702545166,97.5,100.0,100.0,Ajuste
393.90935826301575,97.6,100.0,100.0,Ajuste
394.19320821762085,97.6,100.0,100.0,Ajuste
394.9562921524048,97.6,100.0,100.0,Ajuste
395.2400481700897,97.8,100.0,100.0,Ajuste
395.9986193180084,97.8,100.0,100.0,Ajuste
396.2822241783142,97.9,100.0,100.0,Ajuste
396.9833290576935,98.1,100.0,100.0,Ajuste
397.26464104652405,98.1,100.0,100.0,Ajuste
398.0236463546753,98.1,100.0,100.0,Ajuste
398.311496257782,98.4,100.0,100.0,Ajuste
399.01656317710876,98.4,100.0,100.0,Ajuste
399.30031514167786,98.6,100.0,100.0,Ajuste
400.00057435035706,98.6,100.0,100.0,Ajuste
400.2884132862091,98.8,100.0,100.0,Ajuste
401.040696144104,98.8,100.0,100.0,Ajuste
401.32547521591187,99.0,100.0,100.0,Ajuste
402.0233941078186,99.0,100.0,100.0,Ajuste
402.31040120124817,99.4,100.0,100.0,Ajuste
403.00973629951477,99.4,100.0,100.0,Ajuste
403.3455469608307,99.7,100.0,100.0,Ajuste
404.0257432460785,99.7,100.0,100.0,Ajuste
404.3075530529022,100.0,100.0,100.0,Ajuste
405.0528771877289,100.0,100.0,100.0,Ajuste
405.33229327201843,100.3,100.0,100.0,Ajuste
406.03588819503784,100.3,100.0,100.0,Ajuste
406.31837224960327,100.7,100.0,100.0,Ajuste
407.0654122829437,100.7,100.0,100.0,Ajuste
407.3501009941101,101.0,100.0,100.0,Ajuste
408.0448682308197,101.0,100.0,100.0,Ajuste
408.3292772769928,101.4,100.0,100.0,Ajuste
409.07941222190857,101.4,100.0,100.0,Ajuste
409.36397409439087,101.8,100.0,0.0,Ajuste
410.0577802658081,101.8,100.0,0.0,Ajuste
410.34358620643616,102.2,100.0,0.0,Ajuste
411.07312512397766,102.2,100.0,0.0,Ajuste
411.3618013858795,102.6,100.0,0.0,Ajuste
412.11701822280884,102.6,100.0,0.0,Ajuste
412.4048533439636,103.1,100.0,0.0,Ajuste
413.10641717910767,103.1,100.0,0.0,Ajuste
413.40261912345886,103.5,100.0,0.0,Ajuste
414.11129426956177,103.5,100.0,0.0,Ajuste
414.39911222457886,104.0,100.0,0.0,Ajuste
415.1155803203583,104.0,100.0,0.0,Ajuste
415.4079260826111,104.5,100.0,0.0,Ajuste
416.1144952774048,104.5,100.0,0.0,Ajuste
416.4063901901245,104.9,100.0,0.0,Ajuste
417.11414217948914,104.9,100.0,0.0,Ajuste
417.41099429130554,105.4,100.0,0.0,Ajuste
418.17004323005676,105.4,100.0,0.0,Ajuste
418.46516132354736,105.9,100.0,0.0,Ajuste
419.1752381324768,105.9,100.0,0.0,Ajuste
419.46891736984253,106.4,100.0,0.0,Ajuste
420.18022418022156,106.4,100.0,0.0,Ajuste
420.4698600769043,106.9,100.0,0.0,Ajuste
421.17279720306396,106.9,100.0,0.0,Ajuste
421.465026140213,107.4,100.0,0.0,Ajuste
422.1756091117859,107.4,100.0,0.0,Ajuste
422.46719121932983,107.9,100.0,0.0,Ajuste
423.17959427833557,107.9,100.0,0.0,Ajuste
423.4697721004486,108.4,100.0,0.0,Ajuste
424.17826628685,108.4,100.0,0.0,Ajuste
424.4643211364746,108.9,100.0,0.0,Ajuste
425.2195303440094,108.9,100.0,0.0,Ajuste
425.5040633678436,109.3,100.0,0.0,Ajuste
426.20434832572937,109.3,100.0,0.0,Ajuste
426.49329924583435,109.7,100.0,0.0,Ajuste
427.19899010658264,109.7,100.0,0.0,Ajuste
427.4842450618744,110.2,100.0,0.0,Ajuste
428.1877770423889,110.2,100.0,0.0,Ajuste
428.47976326942444,110.6,100.0,0.0,Ajuste
429.2334520816803,110.6,100.0,0.0,Ajuste
429.524756193161,111.0,100.0,0.0,Ajuste
430.2347002029419,111.0,100.0,0.0,Ajuste
430.5208821296692,111.4,100.0,0.0,Ajuste
431.23020005226135,111.4,100.0,0.0,Ajuste
431.5204231739044,111.8,100.0,0.0,Ajuste
432.28444719314575,112.1,100.0,0.0,Ajuste
432.5738191604614,112.1,100.0,0.0,Ajuste
433.244252204895,112.1,100.0,0.0,Ajuste
433.5404131412506,112.5,100.0,0.0,Ajuste
434.25491404533386,112.5,100.0,0.0,Ajuste
434.55208802223206,112.8,100.0,0.0,Ajuste
435.2201051712036,112.8,100.0,0.0,Ajuste
435.57814502716064,113.0,100.0,0.0,Ajuste
436.2955560684204,113.0,100.0,0.0,Ajuste
436.58879828453064,113.4,100.0,0.0,Ajuste
437.26501727104187,113.4,100.0,0.0,Ajuste
437.55344820022583,113.6,100.0,0.0,Ajuste
438.26779222488403,113.6,100.0,0.0,Ajuste
438.60436034202576,113.8,100.0,0.0,Ajuste
439.29061341285706,113.8,100.0,0.0,Ajuste
439.5751712322235,114.0,100.0,0.0,Ajuste
440.2709732055664,114.0,100.0,0.0,Ajuste
440.5629732608795,114.2,100.0,0.0,Ajuste
441.33404517173767,114.2,100.0,0.0,Ajuste
441.6707372665405,114.4,100.0,0.0,Ajuste
442.3021869659424,114.4,100.0,0.0,Ajuste
442.6395261287689,114.5,100.0,0.0,Ajuste
443.3233599662781,114.5,100.0,0.0,Ajuste
443.61096024513245,114.7,100.0,0.0,Ajuste
444.3152072429657,114.7,100.0,0.0,Ajuste
444.6046462059021,114.8,100.0,0.0,Ajuste
445.35700821876526,114.8,100.0,0.0,Ajuste
445.66947412490845,114.9,100.0,0.0,Ajuste
446.32935428619385,114.9,100.0,0.0,Ajuste
446.6486351490021,115.0,100.0,0.0,Ajuste
447.3531582355499,115.0,100.0,0.0,Ajuste
447.6448211669922,115.1,100.0,0.0,Ajuste
448.3579521179199,115.1,100.0,0.0,Ajuste
448.6543700695038,115.1,100.0,0.0,Ajuste
449.3746702671051,115.1,100.0,0.0,Ajuste
449.6593222618103,115.1,100.0,0.0,Ajuste
450.37336707115173,115.1,100.0,0.0,Ajuste
450.66657519340515,115.2,100.0,0.0,Ajuste
451.32987213134766,115.2,100.0,0.0,Ajuste
451.62552428245544,115.2,100.0,0.0,Ajuste
452.38087010383606,115.2,100.0,0.0,Ajuste
452.6747131347656,115.2,100.0,0.0,Ajuste
453.42238998413086,115.2,100.0,0.0,Ajuste
453.7141020298004,115.3,100.0,0.0,Ajuste
454.41951513290405,115.3,100.0,0.0,Ajuste
454.7305510044098,115.3,100.0,0.0,Ajuste
455.396692276001,115.3,100.0,0.0,Ajuste
455.6937322616577,115.3,100.0,0.0,Ajuste
456.4027330875397,115.3,100.0,0.0,Ajuste
456.6929111480713,115.2,100.0,0.0,Ajuste
457.4442901611328,115.2,100.0,0.0,Ajuste
457.7357702255249,115.2,100.0,0.0,Ajuste
458.4372191429138,115.2,100.0,0.0,Ajuste
458.7284562587738,115.2,100.0,0.0,Ajuste
459.42982816696167,115.2,100.0,0.0,Ajuste
459.7222361564636,115.1,100.0,0.0,Ajuste
460.4341661930084,115.1,100.0,0.0,Ajuste
460.7291431427002,115.1,100.0,0.0,Ajuste
461.4379870891571,115.1,100.0,0.0,Ajuste
461.73050808906555,115.0,100.0,0.0,Ajuste
462.44666028022766,115.0,100.0,0.0,Ajuste
462.73972606658936,114.9,100.0,0.0,Ajuste
463.45090508461,114.9,100.0,0.0,Ajuste
463.7476181983948,114.9,100.0,0.0,Ajuste
464.45468616485596,114.9,100.0,0.0,Ajuste
464.75119519233704,114.8,100.0,0.0,Ajuste
465.4560570716858,114.8,100.0,0.0,Ajuste
465.7511270046234,114.7,100.0,0.0,Ajuste
466.46435141563416,114.7,100.0,0.0,Ajuste
466.76407504081726,114.7,100.0,0.0,Ajuste
467.4789021015167,114.7,100.0,0.0,Ajuste
467.7799232006073,114.6,100.0,0.0,Ajuste
468.49473214149475,114.6,100.0,0.0,Ajuste
468.7975232601166,114.5,100.0,0.0,Ajuste
469.51017022132874,114.5,100.0,0.0,Ajuste
469.7995722293854,114.4,100.0,0.0,Ajuste
470.51781821250916,114.4,100.0,0.0,Ajuste
470.8448021411896,114.3,100.0,0.0,Ajuste
471.51473021507263,114.3,100.0,0.0,Ajuste
471.80511927604675,114.2,100.0,0.0,Ajuste
472.526483297348,114.2,100.0,0.0,Ajuste
472.82413625717163,114.1,100.0,0.0,Ajuste
473.4905242919922,114.0,100.0,0.0,Ajuste
473.794899225235,114.0,100.0,0.0,Ajuste
474.5692720413208,114.0,100.0,0.0,Ajuste
474.8958582878113,113.9,100.0,0.0,Ajuste
475.52199721336365,113.9,100.0,0.0,Ajuste
475.82273507118225,113.8,100.0,0.0,Ajuste
476.588121175766,113.8,100.0,0.0,Ajuste
476.8877522945404,113.7,100.0,0.0,Ajuste
477.60159826278687,113.7,100.0,0.0,Ajuste
477.89696407318115,113.6,100.0,0.0,Ajuste
478.56207513809204,113.6,100.0,0.0,Ajuste
478.9064450263977,113.5,100.0,0.0,Ajuste
479.60260915756226,113.5,100.0,0.0,Ajuste
479.8980960845947,113.4,100.0,0.0,Ajuste
480.56033420562744,113.4,100.0,0.0,Ajuste
480.8557450771332,113.2,100.0,0.0,Ajuste
481.57280111312866,113.2,100.0,0.0,Ajuste
481.87346506118774,113.1,100.0,0.0,Ajuste
482.58375906944275,113.1,100.0,0.0,Ajuste
482.88300013542175,113.0,100.0,0.0,Ajuste
483.5966913700104,113.0,100.0,0.0,Ajuste
483.8996160030365,112.9,100.0,0.0,Ajuste
484.6109743118286,112.9,100.0,0.0,Ajuste
484.9097671508789,112.7,100.0,0.0,Ajuste
485.6246063709259,112.7,100.0,0.0,Ajuste
485.92946219444275,112.6,100.0,0.0,Ajuste
486.64569330215454,112.6,100.0,0.0,Ajuste
486.94930934906006,112.4,100.0,0.0,Ajuste
487.6201903820038,112.4,100.0,0.0,Ajuste
487.92537903785706,112.3,100.0,0.0,Ajuste
488.64445209503174,112.3,100.0,0.0,Ajuste
488.95425033569336,112.2,100.0,0.0,Ajuste
489.67990231513977,112.2,100.0,0.0,Ajuste
489.9899492263794,112.0,100.0,0.0,Ajuste
490.6653642654419,112.0,100.0,0.0,Ajuste
490.97349405288696,111.9,100.0,0.0,Ajuste
491.7002651691437,111.9,100.0,0.0,Ajuste
492.0131561756134,111.7,100.0,0.0,Ajuste
492.68863821029663,111.7,100.0,0.0,Ajuste
492.9887821674347,111.6,100.0,0.0,Ajuste
493.720210313797,111.6,100.0,0.0,Ajuste
494.03135108947754,111.4,100.0,0.0,Ajuste
494.70939326286316,111.4,100.0,0.0,Ajuste
495.0195691585541,111.3,100.0,0.0,Ajuste
495.70440125465393,111.3,100.0,0.0,Ajuste
496.0033552646637,111.2,100.0,0.0,Ajuste
496.72310519218445,111.2,100.0,0.0,Ajuste
497.0299801826477,111.0,100.0,0.0,Ajuste
497.70369505882263,111.0,100.0,0.0,Ajuste
498.00925731658936,110.8,100.0,0.0,Ajuste
498.72318720817566,110.8,100.0,0.0,Ajuste
499.0327842235565,110.8,100.0,0.0,Ajuste
499.7547199726105,110.8,100.0,0.0,Ajuste
500.05495715141296,110.6,100.0,0.0,Ajuste
500.72070717811584,110.6,100.0,0.0,Ajuste
501.0457441806793,110.5,100.0,0.0,Ajuste
501.71503925323486,110.5,100.0,0.0,Ajuste
502.0656850337982,110.3,100.0,0.0,Ajuste
502.7692720890045,110.3,100.0,0.0,Ajuste
503.0731601715088,110.2,100.0,0.0,Ajuste
503.74394702911377,110.2,100.0,0.0,Ajuste
504.04877734184265,110.1,100.0,0.0,Ajuste
504.7625951766968,110.1,100.0,0.0,Ajuste
505.06870913505554,109.9,100.0,0.0,Ajuste
505.7905390262604,109.9,100.0,0.0,Ajuste
506.1029963493347,109.8,100.0,0.0,Ajuste
506.7807822227478,109.8,100.0,0.0,Ajuste
507.0887260437012,109.6,100.0,0.0,Ajuste
507.76144218444824,109.6,100.0,0.0,Ajuste
508.0649402141571,109.5,100.0,0.0,Ajuste
508.78556632995605,109.5,100.0,0.0,Ajuste
509.09910702705383,109.4,100.0,0.0,Ajuste
509.79745721817017,109.4,100.0,0.0,Ajuste
510.12657928466797,109.2,100.0,0.0,Ajuste
510.80807518959045,109.2,100.0,0.0,Ajuste
511.1111352443695,109.1,100.0,0.0,Ajuste
511.7897810935974,109.1,100.0,0.0,Ajuste
512.11288022995,108.9,100.0,0.0,Ajuste
512.7998373508453,108.9,100.0,0.0,Ajuste
513.1819703578949,108.8,100.0,0.0,Ajuste
513.812292098999,108.8,100.0,0.0,Ajuste
514.1847562789917,108.7,100.0,0.0,Ajuste
514.8002741336823,108.7,100.0,0.0,Ajuste
515.1252081394196,108.5,100.0,0.0,Ajuste
515.8217961788177,108.5,100.0,0.0,Ajuste
516.1440460681915,108.3,100.0,0.0,Ajuste
516.8271820545197,108.3,100.0,0.0,Ajuste
517.1410481929779,108.2,100.0,0.0,Ajuste
517.8285551071167,108.2,100.0,0.0,Ajuste
518.1482172012329,108.0,100.0,0.0,Ajuste
518.8447601795197,108.0,100.0,0.0,Ajuste
519.1632633209229,107.9,100.0,0.0,Ajuste
519.8454620838165,107.9,100.0,0.0,Ajuste
520.1635320186615,107.7,100.0,0.0,Ajuste
520.8263039588928,107.7,100.0,0.0,Ajuste
521.1887872219086,107.6,100.0,0.0,Ajuste
521.8771812915802,107.6,100.0,0.0,Ajuste
522.1983690261841,107.5,100.0,0.0,Ajuste
522.8809192180634,107.5,100.0,0.0,Ajuste
523.2243602275848,107.2,100.0,0.0,Ajuste
523.8675980567932,107.2,100.0,0.0,Ajuste
524.1869633197784,107.1,100.0,0.0,Ajuste
524.8761742115021,107.1,100.0,0.0,Ajuste
525.20099401474,107.0,100.0,0.0,Ajuste
525.8997821807861,107.0,100.0,0.0,Ajuste
526.2275640964508,106.8,100.0,0.0,Ajuste
526.9256000518799,106.8,100.0,0.0,Ajuste
527.2505252361298,106.7,100.0,0.0,Ajuste
527.8977704048157,106.7,100.0,0.0,Ajuste
528.2167720794678,106.5,100.0,0.0,Ajuste
528.907457113266,106.5,100.0,0.0,Ajuste
529.2307922840118,106.4,100.0,0.0,Ajuste
529.9183442592621,106.4,100.0,0.0,Ajuste
530.2428090572357,106.3,100.0,0.0,Ajuste
530.924562215805,106.3,100.0,0.0,Ajuste
531.2686493396759,106.1,100.0,0.0,Ajuste
531.9613382816315,106.1,100.0,0.0,Ajuste
532.2793011665344,106.0,100.0,0.0,Ajuste
532.9124872684479,106.0,100.0,0.0,Ajuste
533.230880022049,105.8,100.0,0.0,Ajuste
533.9150042533875,105.7,100.0,0.0,Ajuste
534.22811627388,105.7,100.0,0.0,Ajuste
534.919447183609,105.7,100.0,0.0,Ajuste
535.241129398346,105.5,100.0,0.0,Ajuste
535.9280812740326,105.5,100.0,0.0,Ajuste
536.2514560222626,105.4,100.0,0.0,Ajuste
536.9850721359253,105.4,100.0,0.0,Ajuste
537.3064451217651,105.2,100.0,0.0,Ajuste
537.993173122406,105.2,100.0,0.0,Ajuste
538.3168821334839,105.1,100.0,0.0,Ajuste
539.0054440498352,105.1,100.0,0.0,Ajuste
539.3295032978058,104.9,100.0,0.0,Ajuste
539.968786239624,104.9,100.0,0.0,Ajuste
540.2928891181946,104.8,100.0,0.0,Ajuste
540.9932131767273,104.8,100.0,0.0,Ajuste
541.3211691379547,104.6,100.0,0.0,Ajuste
542.009654045105,104.6,100.0,0.0,Ajuste
542.3361930847168,104.6,100.0,0.0,Ajuste
543.0337052345276,104.6,100.0,0.0,Ajuste
543.3617610931396,104.4,100.0,0.0,Ajuste
544.0077230930328,104.4,100.0,0.0,Ajuste
544.3368241786957,104.3,100.0,0.0,Ajuste
545.0316243171692,104.3,100.0,0.0,Ajuste
545.3526504039764,104.1,100.0,0.0,Ajuste
545.9889163970947,104.1,100.0,0.0,Ajuste
546.3226983547211,104.0,100.0,0.0,Ajuste
546.9991962909698,104.0,100.0,0.0,Ajuste
547.3297510147095,103.8,100.0,0.0,Ajuste
548.0174372196198,103.8,100.0,0.0,Ajuste
548.3465483188629,103.7,100.0,0.0,Ajuste
548.9890763759613,103.7,100.0,0.0,Ajuste
549.316388130188,103.5,100.0,0.0,Ajuste
550.0587770938873,103.5,100.0,0.0,Ajuste
550.406720161438,103.4,100.0,0.0,Ajuste
551.0469222068787,103.4,100.0,0.0,Ajuste
551.391369342804,103.3,100.0,0.0,Ajuste
552.0807082653046,103.3,100.0,0.0,Ajuste
552.4070432186127,103.1,100.0,0.0,Ajuste
553.1105921268463,103.0,100.0,0.0,Ajuste
553.4385893344879,103.0,100.0,0.0,Ajuste
554.0820941925049,103.0,100.0,0.0,Ajuste
554.4103653430939,102.8,100.0,0.0,Ajuste
555.1038982868195,102.8,100.0,0.0,Ajuste
555.4329280853271,102.7,100.0,0.0,Ajuste
556.0799012184143,102.7,100.0,0.0,Ajuste
556.4103741645813,102.5,100.0,0.0,Ajuste
557.1055521965027,102.5,100.0,0.0,Ajuste
557.4304921627045,102.4,100.0,0.0,Ajuste
558.0856020450592,102.4,100.0,0.0,Ajuste
558.4246702194214,102.2,100.0,0.0,Ajuste
559.0697741508484,102.2,100.0,0.0,Ajuste
559.4047961235046,102.1,100.0,0.0,Ajuste
560.0993981361389,102.1,100.0,0.0,Ajuste
560.4599730968475,101.9,100.0,0.0,Ajuste
561.0534100532532,101.9,100.0,0.0,Ajuste
561.4693942070007,101.8,100.0,0.0,Ajuste
562.1587011814117,101.8,100.0,0.0,Ajuste
562.5007591247559,101.6,100.0,0.0,Ajuste
563.1508741378784,101.6,100.0,0.0,Ajuste
563.4935190677643,101.5,100.0,0.0,Ajuste
563.8335921764374,101.5,100.0,0.0,Ajuste
564.3788070678711,101.5,100.0,0.0,Ajuste
564.7120952606201,101.4,100.0,0.0,Ajuste
565.3666112422943,101.4,100.0,0.0,Ajuste
565.7156221866608,101.2,100.0,0.0,Ajuste
566.3597900867462,101.2,100.0,0.0,Ajuste
566.8481583595276,101.1,100.0,0.0,Ajuste
567.469119310379,100.9,100.0,0.0,Ajuste
567.8222603797913,100.9,100.0,0.0,Ajuste
568.4297382831573,100.9,100.0,0.0,Ajuste
568.7753212451935,100.8,100.0,0.0,Ajuste
569.4192621707916,100.8,100.0,0.0,Ajuste
569.7615213394165,100.7,100.0,0.0,Ajuste
570.4109003543854,100.7,100.0,0.0,Ajuste
570.7495791912079,100.5,100.0,0.0,Ajuste
571.5015921592712,100.5,100.0,0.0,Ajuste
571.8386332988739,100.4,100.0,0.0,Ajuste
572.4824833869934,100.4,100.0,0.0,Ajuste
572.8177011013031,100.3,100.0,0.0,Ajuste
573.4729001522064,100.3,100.0,0.0,Ajuste
573.8121893405914,100.2,100.0,0.0,Ajuste
574.5181441307068,100.2,100.0,0.0,Ajuste
574.8717591762543,100.0,100.0,0.0,Ajuste
575.523285150528,100.0,100.0,0.0,Ajuste
575.8626751899719,99.8,100.0,0.0,Ajuste
576.5179331302643,99.8,100.0,0.0,Ajuste
576.8525743484497,99.8,100.0,0.0,Ajuste
577.5070090293884,99.8,100.0,0.0,Ajuste
577.8383920192719,99.6,100.0,0.0,Ajuste
578.4974241256714,99.6,100.0,0.0,Ajuste
578.8464241027832,99.5,100.0,0.0,Ajuste
579.5624442100525,99.5,100.0,0.0,Ajuste
579.916032075882,99.4,100.0,0.0,Ajuste
580.4957780838013,99.4,100.0,0.0,Ajuste
580.8268291950226,99.2,100.0,0.0,Ajuste
581.5306050777435,99.2,100.0,0.0,Ajuste
581.8660542964935,99.1,100.0,0.0,Ajuste
582.518767118454,99.1,100.0,0.0,Ajuste
582.8581449985504,99.0,100.0,0.0,Ajuste
583.5592381954193,99.0,100.0,0.0,Ajuste
583.9029731750488,98.9,100.0,0.0,Ajuste
584.560485124588,98.8,100.0,0.0,Ajuste
584.8951761722565,98.8,100.0,0.0,Ajuste
585.5495171546936,98.8,100.0,0.0,Ajuste
585.9471371173859,98.6,100.0,0.0,Ajuste
586.5395641326904,98.6,100.0,0.0,Ajuste
586.8801593780518,98.5,100.0,100.0,Ajuste
587.5374400615692,98.5,100.0,100.0,Ajuste
587.8817620277405,98.4,100.0,100.0,Ajuste
588.5379803180695,98.4,100.0,100.0,Ajuste
588.8807752132416,98.2,100.0,100.0,Ajuste
589.5905442237854,98.2,100.0,100.0,Ajuste
589.935494184494,98.1,100.0,100.0,Ajuste
590.5986332893372,98.1,100.0,100.0,Ajuste
590.9450151920319,98.0,100.0,100.0,Ajuste
591.5555140972137,98.0,100.0,100.0,Ajuste
591.9051792621613,97.9,100.0,100.0,Ajuste
592.5895371437073,97.9,100.0,100.0,Ajuste
592.9359040260315,97.8,100.0,100.0,Ajuste
593.6005392074585,97.8,100.0,100.0,Ajuste
593.9476821422577,97.6,100.0,100.0,Ajuste
594.6112701892853,97.6,100.0,100.0,Ajuste
594.961804151535,97.6,100.0,100.0,Ajuste
595.6259591579437,97.6,100.0,100.0,Ajuste
595.9745411872864,97.5,100.0,100.0,Ajuste
596.641942024231,97.5,100.0,100.0,Ajuste
596.9928650856018,97.4,100.0,100.0,Ajuste
597.6019032001495,97.4,100.0,100.0,Ajuste
597.9485130310059,97.3,100.0,100.0,Ajuste
598.6114943027496,97.3,100.0,100.0,Ajuste
598.9694561958313,97.3,100.0,100.0,Ajuste
599.63005900383,97.3,100.0,100.0,Ajuste
599.9849452972412,97.2,100.0,100.0,Ajuste
600.6385982036591,97.2,100.0,100.0,Ajuste
600.9755640029907,97.1,100.0,100.0,Ajuste
601.6356751918793,97.1,100.0,100.0,Ajuste
601.9832303524017,97.1,100.0,100.0,Ajuste
602.6481971740723,97.1,100.0,100.0,Ajuste
603.0127861499786,97.1,100.0,100.0,Ajuste
603.6755082607269,97.1,100.0,100.0,Ajuste
604.021338224411,97.1,100.0,100.0,Ajuste
604.683509349823,97.1,100.0,100.0,Ajuste
605.0346012115479,97.1,100.0,100.0,Ajuste
605.6916143894196,97.1,100.0,100.0,Ajuste
606.0504083633423,97.1,100.0,100.0,Ajuste
606.6489572525024,97.1,100.0,100.0,Ajuste
607.0033133029938,97.1,100.0,100.0,Ajuste
607.6699452400208,97.1,100.0,100.0,Ajuste
608.0202612876892,97.2,100.0,100.0,Ajuste
608.6851642131805,97.2,100.0,100.0,Ajuste
609.0410523414612,97.3,100.0,100.0,Ajuste
609.7146501541138,97.3,100.0,100.0,Ajuste
610.063892364502,97.4,100.0,100.0,Ajuste
610.7305161952972,97.4,100.0,100.0,Ajuste
611.0776891708374,97.4,100.0,100.0,Ajuste
611.6989002227783,97.4,100.0,100.0,Ajuste
612.0485601425171,97.6,100.0,100.0,Ajuste
612.71129322052,97.6,100.0,100.0,Ajuste
613.0572762489319,97.7,100.0,100.0,Ajuste
613.7289090156555,97.7,100.0,100.0,Ajuste
614.0803291797638,97.8,100.0,100.0,Ajuste
614.7434873580933,97.8,100.0,100.0,Ajuste
615.0962102413177,98.1,100.0,100.0,Ajuste
615.7596011161804,98.1,100.0,100.0,Ajuste
616.1220552921295,98.3,100.0,100.0,Ajuste
616.7527711391449,98.3,100.0,100.0,Ajuste
617.1163141727448,98.4,100.0,100.0,Ajuste
617.7346031665802,98.4,100.0,100.0,Ajuste
618.0823512077332,98.7,100.0,100.0,Ajuste
618.761871099472,98.7,100.0,100.0,Ajuste
619.1420271396637,98.9,100.0,100.0,Ajuste
619.7077412605286,98.9,100.0,100.0,Ajuste
620.0676372051239,99.2,100.0,100.0,Ajuste
620.7779421806335,99.2,100.0,100.0,Ajuste
621.129554271698,99.5,100.0,100.0,Ajuste
621.7881500720978,99.5,100.0,100.0,Ajuste
622.1523401737213,99.7,100.0,100.0,Ajuste
622.7937090396881,99.7,100.0,100.0,Ajuste
623.1454300880432,100.1,100.0,100.0,Ajuste
623.8242270946503,100.1,100.0,100.0,Ajuste
624.1865322589874,100.4,100.0,100.0,Ajuste
624.7786982059479,100.4,100.0,100.0,Ajuste
625.1275482177734,100.8,100.0,100.0,Ajuste
625.769736289978,100.8,100.0,100.0,Ajuste
626.1230881214142,101.1,100.0,100.0,Ajuste
626.7975790500641,101.1,100.0,100.0,Ajuste
627.1514282226562,101.5,100.0,0.0,Ajuste
627.8245952129364,101.5,100.0,0.0,Ajuste
628.1835839748383,101.9,100.0,0.0,Ajuste
628.7616302967072,101.9,100.0,0.0,Ajuste
629.1160593032837,102.2,100.0,0.0,Ajuste
629.8336660861969,102.2,100.0,0.0,Ajuste
630.1994643211365,102.7,100.0,0.0,Ajuste
630.8151700496674,102.7,100.0,0.0,Ajuste
631.1741142272949,103.1,100.0,0.0,Ajuste
631.8458471298218,103.1,100.0,0.0,Ajuste
632.1977162361145,103.5,100.0,0.0,Ajuste
632.8090922832489,103.5,100.0,0.0,Ajuste
633.1655123233795,104.0,100.0,0.0,Ajuste
633.8306951522827,104.0,100.0,0.0,Ajuste
634.2163462638855,104.5,100.0,0.0,Ajuste
634.8407070636749,104.5,100.0,0.0,Ajuste
635.2029302120209,105.0,100.0,0.0,Ajuste
635.8198561668396,105.0,100.0,0.0,Ajuste
636.1792283058167,105.4,100.0,0.0,Ajuste
636.8443882465363,105.4,100.0,0.0,Ajuste
637.2039601802826,105.9,100.0,0.0,Ajuste
637.8676490783691,105.9,100.0,0.0,Ajuste
638.223375082016,106.4,100.0,0.0,Ajuste
638.8587512969971,106.4,100.0,0.0,Ajuste
639.2197864055634,106.8,100.0,0.0,Ajuste
639.8933742046356,106.8,100.0,0.0,Ajuste
640.2556331157684,107.3,100.0,0.0,Ajuste
640.8810343742371,107.3,100.0,0.0,Ajuste
641.2372810840607,107.8,100.0,0.0,Ajuste
641.9116721153259,107.8,100.0,0.0,Ajuste
642.2669212818146,108.3,100.0,0.0,Ajuste
642.9033942222595,108.3,100.0,0.0,Ajuste
643.2616550922394,108.7,100.0,0.0,Ajuste
643.888658285141,108.7,100.0,0.0,Ajuste
644.2458741664886,109.2,100.0,0.0,Ajuste
644.9233331680298,109.2,100.0,0.0,Ajuste
645.2860412597656,109.7,100.0,0.0,Ajuste
645.910373210907,109.7,100.0,0.0,Ajuste
646.3108551502228,110.1,100.0,0.0,Ajuste
646.8938312530518,110.1,100.0,0.0,Ajuste
647.3052673339844,110.5,100.0,0.0,Ajuste
647.8790652751923,110.5,100.0,0.0,Ajuste
648.2405912876129,110.9,100.0,0.0,Ajuste
648.8652422428131,111.1,100.0,0.0,Ajuste
649.2208623886108,111.1,100.0,0.0,Ajuste
649.9447062015533,111.1,100.0,0.0,Ajuste
650.3127572536469,111.6,100.0,0.0,Ajuste
650.9471621513367,111.6,100.0,0.0,Ajuste
651.3120193481445,111.9,100.0,0.0,Ajuste
651.9830231666565,111.9,100.0,0.0,Ajuste
652.348886013031,112.2,100.0,0.0,Ajuste
652.9797432422638,112.2,100.0,0.0,Ajuste
653.3456482887268,112.5,100.0,0.0,Ajuste
653.9712634086609,112.5,100.0,0.0,Ajuste
654.3342189788818,112.7,100.0,0.0,Ajuste
654.961020231247,112.7,100.0,0.0,Ajuste
655.316189289093,112.9,100.0,0.0,Ajuste
655.9367411136627,112.9,100.0,0.0,Ajuste
656.2936522960663,113.1,100.0,0.0,Ajuste
657.0265741348267,113.1,100.0,0.0,Ajuste
657.4048871994019,113.4,100.0,0.0,Ajuste
658.0327820777893,113.4,100.0,0.0,Ajuste
658.3883020877838,113.6,100.0,0.0,Ajuste
659.0178022384644,113.6,100.0,0.0,Ajuste
659.3752281665802,113.7,100.0,0.0,Ajuste
659.99999833107,113.7,100.0,0.0,Ajuste
660.3669292926788,113.8,100.0,0.0,Ajuste
661.0018811225891,113.8,100.0,0.0,Ajuste
661.3664271831512,113.9,100.0,0.0,Ajuste
662.0102951526642,113.9,100.0,0.0,Ajuste
662.3756773471832,114.1,100.0,0.0,Ajuste
663.0060620307922,114.1,100.0,0.0,Ajuste
663.3684782981873,114.2,100.0,0.0,Ajuste
663.9876761436462,114.2,100.0,0.0,Ajuste
664.3523230552673,114.3,100.0,0.0,Ajuste
665.0322721004486,114.3,100.0,0.0,Ajuste
665.3919491767883,114.3,100.0,0.0,Ajuste
666.0178852081299,114.4,100.0,0.0,Ajuste
666.373865365982,114.4,100.0,0.0,Ajuste
667.0499932765961,114.4,100.0,0.0,Ajuste
667.4476742744446,114.5,100.0,0.0,Ajuste
668.0790121555328,114.5,100.0,0.0,Ajuste
668.4456882476807,114.6,100.0,0.0,Ajuste
669.0700042247772,114.6,100.0,0.0,Ajuste
669.462327003479,114.6,100.0,0.0,Ajuste
670.1185052394867,114.6,100.0,0.0,Ajuste
670.487122297287,114.7,100.0,0.0,Ajuste
671.121728181839,114.7,100.0,0.0,Ajuste
671.4893250465393,114.7,100.0,0.0,Ajuste
672.0802261829376,114.7,100.0,0.0,Ajuste
672.4430940151215,114.7,100.0,0.0,Ajuste
673.0901072025299,114.7,100.0,0.0,Ajuste
673.5347681045532,114.6,100.0,0.0,Ajuste
674.1010081768036,114.6,100.0,0.0,Ajuste
674.476594209671,114.7,100.0,0.0,Ajuste
675.1540532112122,114.7,100.0,0.0,Ajuste
675.5237543582916,114.6,100.0,0.0,Ajuste
676.151468038559,114.6,100.0,0.0,Ajuste
676.557676076889,114.6,100.0,0.0,Ajuste
677.2319831848145,114.6,100.0,0.0,Ajuste
677.6084101200104,114.6,100.0,0.0,Ajuste
678.2418291568756,114.6,100.0,0.0,Ajuste
678.6247360706329,114.5,100.0,0.0,Ajuste
679.2086751461029,114.5,100.0,0.0,Ajuste
679.5758981704712,114.5,100.0,0.0,Ajuste
680.2213821411133,114.5,100.0,0.0,Ajuste
680.5895192623138,114.4,100.0,0.0,Ajuste
681.1704020500183,114.4,100.0,0.0,Ajuste
681.533937215805,114.4,100.0,0.0,Ajuste
682.2229323387146,114.4,100.0,0.0,Ajuste
682.5956161022186,114.3,100.0,0.0,Ajuste
683.256548166275,114.3,100.0,0.0,Ajuste
683.6328041553497,114.3,100.0,0.0,Ajuste
684.266520023346,114.3,100.0,0.0,Ajuste
684.6365361213684,114.2,100.0,0.0,Ajuste
685.2312030792236,114.2,100.0,0.0,Ajuste
685.6230711936951,114.2,100.0,0.0,Ajuste
686.2712562084198,114.2,100.0,0.0,Ajuste
686.6388673782349,114.1,100.0,0.0,Ajuste
687.2697143554688,114.1,100.0,0.0,Ajuste
687.6394963264465,114.1,100.0,0.0,Ajuste
688.2714700698853,114.1,100.0,0.0,Ajuste
688.6428232192993,114.0,100.0,0.0,Ajuste
689.2757561206818,114.0,100.0,0.0,Ajuste
689.7250771522522,113.9,100.0,0.0,Ajuste
690.4086940288544,113.8,100.0,0.0,Ajuste
690.7830951213837,113.8,100.0,0.0,Ajuste
691.4673352241516,113.7,100.0,0.0,Ajuste
691.826541185379,113.7,100.0,0.0,Ajuste
692.4060699939728,113.7,100.0,0.0,Ajuste
692.7709481716156,113.7,100.0,0.0,Ajuste
693.4686591625214,113.5,100.0,0.0,Ajuste
693.8343391418457,113.5,100.0,0.0,Ajuste
694.463947057724,113.4,100.0,0.0,Ajuste
694.8320713043213,113.4,100.0,0.0,Ajuste
695.4722571372986,113.4,100.0,0.0,Ajuste
695.8376722335815,113.4,100.0,0.0,Ajuste
696.4210443496704,113.2,100.0,0.0,Ajuste
696.7817752361298,113.2,100.0,0.0,Ajuste
697.4680802822113,113.1,100.0,0.0,Ajuste
697.8465011119843,113.1,100.0,0.0,Ajuste
698.4415581226349,113.0,100.0,0.0,Ajuste
698.7958242893219,113.0,100.0,0.0,Ajuste
699.4399490356445,112.9,100.0,0.0,Ajuste
699.8004932403564,112.9,100.0,0.0,Ajuste
700.4361033439636,112.7,100.0,0.0,Ajuste
700.7980830669403,112.7,100.0,0.0,Ajuste
701.4794211387634,112.7,100.0,0.0,Ajuste
701.8505551815033,112.7,100.0,0.0,Ajuste
702.44788813591,112.5,100.0,0.0,Ajuste
702.8195481300354,112.5,100.0,0.0,Ajuste
703.4174001216888,112.4,100.0,0.0,Ajuste
703.8155472278595,112.4,100.0,0.0,Ajuste
704.4328320026398,112.2,100.0,0.0,Ajuste
704.8067331314087,112.2,100.0,0.0,Ajuste
705.4444212913513,112.1,100.0,0.0,Ajuste
705.8106679916382,112.1,100.0,0.0,Ajuste
706.4740242958069,112.1,100.0,0.0,Ajuste
706.8475561141968,112.0,100.0,0.0,Ajuste
707.5285241603851,112.0,100.0,0.0,Ajuste
707.9014041423798,111.8,100.0,0.0,Ajuste
708.4838173389435,111.8,100.0,0.0,Ajuste
708.8588762283325,111.7,100.0,0.0,Ajuste
709.5004551410675,111.7,100.0,0.0,Ajuste
709.8725743293762,111.5,100.0,0.0,Ajuste
710.5104341506958,111.5,100.0,0.0,Ajuste
710.8847711086273,111.4,100.0,0.0,Ajuste
711.5195913314819,111.4,100.0,0.0,Ajuste
711.8944439888,111.3,100.0,0.0,Ajuste
712.5363471508026,111.3,100.0,0.0,Ajuste
712.9439082145691,111.2,100.0,0.0,Ajuste
713.5358200073242,111.2,100.0,0.0,Ajuste
713.9353170394897,111.0,100.0,0.0,Ajuste
714.5333042144775,111.0,100.0,0.0,Ajuste
714.9102001190186,110.9,100.0,0.0,Ajuste
715.55175614357,110.9,100.0,0.0,Ajuste
715.9289362430573,110.7,100.0,0.0,Ajuste
716.5179212093353,110.7,100.0,0.0,Ajuste
716.8895392417908,110.6,100.0,0.0,Ajuste
717.5778872966766,110.6,100.0,0.0,Ajuste
717.9462282657623,110.5,100.0,0.0,Ajuste
718.5884792804718,110.5,100.0,0.0,Ajuste
718.9567732810974,110.4,100.0,0.0,Ajuste
719.5500671863556,110.4,100.0,0.0,Ajuste
719.9178001880646,110.3,100.0,0.0,Ajuste
720.5537991523743,110.3,100.0,0.0,Ajuste
720.9261360168457,110.1,100.0,0.0,Ajuste
721.5593111515045,110.1,100.0,0.0,Ajuste
721.9355990886688,110.0,100.0,0.0,Ajuste
722.6196322441101,110.0,100.0,0.0,Ajuste
722.9919242858887,109.8,100.0,0.0,Ajuste
723.5743482112885,109.8,100.0,0.0,Ajuste
723.9551441669464,109.7,100.0,0.0,Ajuste
724.592047214508,109.7,100.0,0.0,Ajuste
724.9689462184906,109.5,100.0,0.0,Ajuste
725.6122381687164,109.5,100.0,0.0,Ajuste
725.9940981864929,109.4,100.0,0.0,Ajuste
726.6862483024597,109.3,100.0,0.0,Ajuste
727.0602192878723,109.3,100.0,0.0,Ajuste
727.6480844020844,109.3,100.0,0.0,Ajuste
728.0250172615051,109.1,100.0,0.0,Ajuste
728.6150190830231,109.1,100.0,0.0,Ajuste
728.9902451038361,109.0,100.0,0.0,Ajuste
729.6380653381348,109.0,100.0,0.0,Ajuste
730.0193932056427,108.8,100.0,0.0,Ajuste
730.6110620498657,108.8,100.0,0.0,Ajuste
730.986917257309,108.7,100.0,0.0,Ajuste
731.6329681873322,108.7,100.0,0.0,Ajuste
732.0113952159882,108.5,100.0,0.0,Ajuste
732.6616971492767,108.5,100.0,0.0,Ajuste
733.048418045044,108.4,100.0,0.0,Ajuste
733.6440970897675,108.4,100.0,0.0,Ajuste
734.023558139801,108.2,100.0,0.0,Ajuste
734.6213140487671,108.2,100.0,0.0,Ajuste
735.0033321380615,108.1,100.0,0.0,Ajuste
735.6504640579224,108.1,100.0,0.0,Ajuste
736.0373864173889,108.0,100.0,0.0,Ajuste
736.6885862350464,108.0,100.0,0.0,Ajuste
737.0828809738159,107.9,100.0,0.0,Ajuste
737.6520721912384,107.9,100.0,0.0,Ajuste
738.0367894172668,107.7,100.0,0.0,Ajuste
738.6826972961426,107.7,100.0,0.0,Ajuste
739.0762240886688,107.6,100.0,0.0,Ajuste
739.6743462085724,107.6,100.0,0.0,Ajuste
740.0561852455139,107.4,100.0,0.0,Ajuste
740.7046461105347,107.4,100.0,0.0,Ajuste
741.086311340332,107.2,100.0,0.0,Ajuste
741.6801111698151,107.2,100.0,0.0,Ajuste
742.0649561882019,107.1,100.0,0.0,Ajuste
742.6992201805115,107.1,100.0,0.0,Ajuste
743.0972683429718,106.9,100.0,0.0,Ajuste
743.6962082386017,106.9,100.0,0.0,Ajuste
744.082670211792,106.8,100.0,0.0,Ajuste
744.7264742851257,106.8,100.0,0.0,Ajuste
745.21812915802,106.7,100.0,0.0,Ajuste
745.9405031204224,106.5,100.0,0.0,Ajuste
746.3267362117767,106.5,100.0,0.0,Ajuste
746.8803381919861,106.4,100.0,0.0,Ajuste
747.2577111721039,106.4,100.0,0.0,Ajuste
747.9017992019653,106.3,100.0,0.0,Ajuste
748.2776670455933,106.3,100.0,0.0,Ajuste
748.9321181774139,106.2,100.0,0.0,Ajuste
749.3113081455231,106.2,100.0,0.0,Ajuste
749.9279789924622,106.0,100.0,0.0,Ajuste
750.3157732486725,106.0,100.0,0.0,Ajuste
750.9298002719879,105.8,100.0,0.0,Ajuste
751.3260753154755,105.8,100.0,0.0,Ajuste
751.9271681308746,105.7,100.0,0.0,Ajuste
752.3052222728729,105.7,100.0,0.0,Ajuste
752.9673693180084,105.6,100.0,0.0,Ajuste
753.3602001667023,105.6,100.0,0.0,Ajuste
753.9153432846069,105.4,100.0,0.0,Ajuste
754.2935891151428,105.4,100.0,0.0,Ajuste
754.9446220397949,105.3,100.0,0.0,Ajuste
755.3270473480225,105.3,100.0,0.0,Ajuste
755.8771650791168,105.1,100.0,0.0,Ajuste
756.2539942264557,105.1,100.0,0.0,Ajuste
756.9609112739563,105.1,100.0,0.0,Ajuste
757.3449981212616,105.1,100.0,0.0,Ajuste
757.9444212913513,104.9,100.0,0.0,Ajuste
758.3249430656433,104.9,100.0,0.0,Ajuste
758.8983211517334,104.8,100.0,0.0,Ajuste
759.3032672405243,104.8,100.0,0.0,Ajuste
759.9582211971283,104.7,100.0,0.0,Ajuste
760.3462703227997,104.7,100.0,0.0,Ajuste
760.9399421215057,104.5,100.0,0.0,Ajuste
761.3236689567566,104.5,100.0,0.0,Ajuste
761.8793811798096,104.4,100.0,0.0,Ajuste
762.2603073120117,104.4,100.0,0.0,Ajuste
762.9570670127869,104.3,100.0,0.0,Ajuste
763.340891122818,104.3,100.0,0.0,Ajuste
763.9121341705322,104.1,100.0,0.0,Ajuste
764.2973611354828,104.1,100.0,0.0,Ajuste
764.9476883411407,104.0,100.0,0.0,Ajuste
765.3485953807831,104.0,100.0,0.0,Ajuste
765.9177892208099,103.8,100.0,0.0,Ajuste
766.3067052364349,103.8,100.0,0.0,Ajuste
766.9629802703857,103.7,100.0,0.0,Ajuste
767.3553483486176,103.7,100.0,0.0,Ajuste
767.9097611904144,103.6,100.0,0.0,Ajuste
768.2897803783417,103.6,100.0,0.0,Ajuste
768.8913731575012,103.4,100.0,0.0,Ajuste
769.2734041213989,103.4,100.0,0.0,Ajuste
769.9349870681763,103.3,100.0,0.0,Ajuste
770.3372054100037,103.3,100.0,0.0,Ajuste
770.9166781902313,103.2,100.0,0.0,Ajuste
771.2958822250366,103.2,100.0,0.0,Ajuste
771.7574541568756,103.1,100.0,0.0,Ajuste
772.1436622142792,103.1,100.0,0.0,Ajuste
772.536571264267,103.1,100.0,0.0,Ajuste
772.9394791126251,102.9,100.0,0.0,Ajuste
773.60440325737,102.9,100.0,0.0,Ajuste
773.9914922714233,102.8,100.0,0.0,Ajuste
774.5907483100891,102.8,100.0,0.0,Ajuste
774.9809663295746,102.7,100.0,0.0,Ajuste
775.5895953178406,102.7,100.0,0.0,Ajuste
775.9771692752838,102.5,100.0,0.0,Ajuste
776.0001611709595,102.5,100.0,0.0,Ajuste
776.6113631725311,102.5,100.0,0.0,Ajuste
777.0523252487183,102.3,100.0,0.0,Ajuste
777.6389021873474,102.3,100.0,0.0,Ajuste
778.028834104538,102.2,100.0,0.0,Ajuste
778.6181862354279,102.2,100.0,0.0,Ajuste
779.0098941326141,102.1,100.0,0.0,Ajuste
779.6032481193542,102.1,100.0,0.0,Ajuste
779.9977133274078,101.9,100.0,0.0,Ajuste
780.6683461666107,101.9,100.0,0.0,Ajuste
781.2270410060883,101.9,100.0,0.0,Ajuste
781.7931849956512,101.9,100.0,0.0,Ajuste
782.1894471645355,101.7,100.0,0.0,Ajuste
782.8055081367493,101.7,100.0,0.0,Ajuste
783.2028479576111,101.5,100.0,0.0,Ajuste
783.8085491657257,101.5,100.0,0.0,Ajuste
784.2057693004608,101.4,100.0,0.0,Ajuste
784.8661522865295,101.4,100.0,0.0,Ajuste
785.2620432376862,101.2,100.0,0.0,Ajuste
785.8169400691986,101.2,100.0,0.0,Ajuste
786.3233902454376,101.0,100.0,0.0,Ajuste
786.9195561408997,101.0,100.0,0.0,Ajuste
787.3199470043182,100.9,100.0,0.0,Ajuste
787.8805611133575,100.8,100.0,0.0,Ajuste
788.2889511585236,100.8,100.0,0.0,Ajuste
788.9145274162292,100.8,100.0,0.0,Ajuste
789.3181660175323,100.6,100.0,0.0,Ajuste
789.9424121379852,100.6,100.0,0.0,Ajuste
790.3527863025665,100.5,100.0,0.0,Ajuste
790.9092390537262,100.5,100.0,0.0,Ajuste
791.3012700080872,100.3,100.0,0.0,Ajuste
791.9577231407166,100.3,100.0,0.0,Ajuste
792.3553781509399,100.2,100.0,0.0,Ajuste
792.9703149795532,100.2,100.0,0.0,Ajuste
793.4054923057556,100.1,100.0,0.0,Ajuste
793.9939320087433,100.1,100.0,0.0,Ajuste
794.3881092071533,99.9,100.0,0.0,Ajuste
795.0043001174927,99.9,100.0,0.0,Ajuste
795.3942320346832,99.8,100.0,0.0,Ajuste
796.0578832626343,99.8,100.0,0.0,Ajuste
796.4605712890625,99.7,100.0,0.0,Ajuste
797.0290422439575,99.7,100.0,0.0,Ajuste
797.4218261241913,99.5,100.0,0.0,Ajuste
798.021623134613,99.5,100.0,0.0,Ajuste
798.4102101325989,99.4,100.0,0.0,Ajuste
799.1154983043671,99.3,100.0,0.0,Ajuste
799.5037021636963,99.3,100.0,0.0,Ajuste
800.0600142478943,99.3,100.0,0.0,Ajuste
800.456520318985,99.1,100.0,0.0,Ajuste
801.0631783008575,99.1,100.0,0.0,Ajuste
801.4561541080475,99.0,100.0,0.0,Ajuste
802.1137173175812,99.0,100.0,0.0,Ajuste
802.5081593990326,98.9,100.0,0.0,Ajuste
803.1169443130493,98.9,100.0,0.0,Ajuste
803.523026227951,98.8,100.0,0.0,Ajuste
804.1401252746582,98.8,100.0,0.0,Ajuste
804.535373210907,98.7,100.0,0.0,Ajuste
805.1358892917633,98.7,100.0,0.0,Ajuste
805.5521011352539,98.5,100.0,100.0,Ajuste
806.16193318367,98.5,100.0,100.0,Ajuste
806.5622472763062,98.4,100.0,100.0,Ajuste
807.1677241325378,98.4,100.0,100.0,Ajuste
807.5739502906799,98.3,100.0,100.0,Ajuste
808.1819322109222,98.3,100.0,100.0,Ajuste
808.5936541557312,98.1,100.0,100.0,Ajuste
809.2061731815338,98.1,100.0,100.0,Ajuste
809.61017537117,98.1,100.0,100.0,Ajuste
810.1703672409058,98.1,100.0,100.0,Ajuste
810.5647971630096,98.0,100.0,100.0,Ajuste
811.2336843013763,98.0,100.0,100.0,Ajuste
811.6320450305939,97.8,100.0,100.0,Ajuste
812.2525501251221,97.8,100.0,100.0,Ajuste
812.6496970653534,97.7,100.0,100.0,Ajuste
813.2667932510376,97.7,100.0,100.0,Ajuste
813.6630461215973,97.6,100.0,100.0,Ajuste
814.2311244010925,97.6,100.0,100.0,Ajuste
814.6320540904999,97.5,100.0,100.0,Ajuste
815.2512302398682,97.5,100.0,100.0,Ajuste
815.6567270755768,97.5,100.0,100.0,Ajuste
816.276914358139,97.5,100.0,100.0,Ajuste
816.6890552043915,97.4,100.0,100.0,Ajuste
817.3105893135071,97.4,100.0,100.0,Ajuste
817.708526134491,97.4,100.0,100.0,Ajuste
818.3249092102051,97.4,100.0,100.0,Ajuste
818.7219393253326,97.3,100.0,100.0,Ajuste
819.3336272239685,97.3,100.0,100.0,Ajuste
819.7360103130341,97.3,100.0,100.0,Ajuste
820.3089730739594,97.3,100.0,100.0,Ajuste
820.7121222019196,97.3,100.0,100.0,Ajuste
821.278644323349,97.3,100.0,100.0,Ajuste
821.6895999908447,97.2,100.0,100.0,Ajuste
822.3556773662567,97.2,100.0,100.0,Ajuste
822.7586932182312,97.2,100.0,100.0,Ajuste
823.326208114624,97.2,100.0,100.0,Ajuste
823.7332060337067,97.3,100.0,100.0,Ajuste
824.3440330028534,97.3,100.0,100.0,Ajuste
824.7474753856659,97.3,100.0,100.0,Ajuste
825.3600351810455,97.3,100.0,100.0,Ajuste
825.782279253006,97.3,100.0,100.0,Ajuste
826.4005119800568,97.3,100.0,100.0,Ajuste
826.8053801059723,97.4,100.0,100.0,Ajuste
827.3709440231323,97.4,100.0,100.0,Ajuste
827.7751932144165,97.5,100.0,100.0,Ajuste
828.3847072124481,97.5,100.0,100.0,Ajuste
828.7914321422577,97.6,100.0,100.0,Ajuste
829.3532752990723,97.6,100.0,100.0,Ajuste
829.7560601234436,97.6,100.0,100.0,Ajuste
830.3813061714172,97.6,100.0,100.0,Ajuste
830.7877101898193,97.9,100.0,100.0,Ajuste
831.4056761264801,97.9,100.0,100.0,Ajuste
831.8136429786682,98.0,100.0,100.0,Ajuste
832.431351184845,98.0,100.0,100.0,Ajuste
832.8448193073273,98.2,100.0,100.0,Ajuste
833.4625310897827,98.2,100.0,100.0,Ajuste
833.8709061145782,98.3,100.0,100.0,Ajuste
834.4966740608215,98.3,100.0,100.0,Ajuste
834.9069991111755,98.6,100.0,100.0,Ajuste
835.527948141098,98.6,100.0,100.0,Ajuste
835.9343521595001,98.8,100.0,100.0,Ajuste
836.5556893348694,98.8,100.0,100.0,Ajuste
836.9619431495667,99.0,100.0,100.0,Ajuste
837.5362522602081,99.0,100.0,100.0,Ajuste
837.9415862560272,99.3,100.0,100.0,Ajuste
838.5157642364502,99.3,100.0,100.0,Ajuste
838.9198930263519,99.6,100.0,100.0,Ajuste
839.5961761474609,99.6,100.0,100.0,Ajuste
840.0043172836304,99.8,100.0,100.0,Ajuste
840.5773229598999,99.8,100.0,100.0,Ajuste
840.9860072135925,100.2,100.0,100.0,Ajuste
841.5608942508698,100.2,100.0,100.0,Ajuste
841.9683151245117,100.5,100.0,100.0,Ajuste
842.595132112503,100.5,100.0,100.0,Ajuste
843.0005702972412,100.9,100.0,100.0,Ajuste
843.5780663490295,100.9,100.0,100.0,Ajuste
843.9835112094879,101.2,100.0,100.0,Ajuste
844.664694070816,101.2,100.0,100.0,Ajuste
845.0750691890717,101.6,100.0,0.0,Ajuste
845.6546351909637,101.6,100.0,0.0,Ajuste
846.0606091022491,102.0,100.0,0.0,Ajuste
846.7210421562195,102.0,100.0,0.0,Ajuste
847.1323502063751,102.5,100.0,0.0,Ajuste
847.7217812538147,102.5,100.0,0.0,Ajuste
848.1323251724243,103.0,100.0,0.0,Ajuste
848.7559843063354,103.0,100.0,0.0,Ajuste
849.1632301807404,103.4,100.0,0.0,Ajuste
849.7842240333557,103.4,100.0,0.0,Ajuste
850.1938412189484,103.9,100.0,0.0,Ajuste
850.767614364624,103.9,100.0,0.0,Ajuste
851.1736252307892,104.3,100.0,0.0,Ajuste
851.7948341369629,104.3,100.0,0.0,Ajuste
852.208918094635,104.8,100.0,0.0,Ajuste
852.776563167572,104.8,100.0,0.0,Ajuste
853.1896550655365,105.3,100.0,0.0,Ajuste
853.7597303390503,105.3,100.0,0.0,Ajuste
854.1734399795532,105.8,100.0,0.0,Ajuste
854.8006401062012,105.8,100.0,0.0,Ajuste
855.2149002552032,106.3,100.0,0.0,Ajuste
855.836186170578,106.3,100.0,0.0,Ajuste
856.2537500858307,106.8,100.0,0.0,Ajuste
856.8264381885529,106.8,100.0,0.0,Ajuste
857.2400770187378,107.2,100.0,0.0,Ajuste
857.8593552112579,107.2,100.0,0.0,Ajuste
858.2762281894684,107.7,100.0,0.0,Ajuste
858.8449821472168,107.7,100.0,0.0,Ajuste
859.2619593143463,108.2,100.0,0.0,Ajuste
859.8848721981049,108.2,100.0,0.0,Ajuste
860.303866147995,108.7,100.0,0.0,Ajuste
860.9327690601349,108.7,100.0,0.0,Ajuste
861.3541781902313,109.2,100.0,0.0,Ajuste
861.9366703033447,109.2,100.0,0.0,Ajuste
862.3557140827179,109.7,100.0,0.0,Ajuste
862.9494652748108,109.7,100.0,0.0,Ajuste
863.3641710281372,110.1,100.0,0.0,Ajuste
863.9445433616638,110.1,100.0,0.0,Ajuste
864.3670592308044,110.5,100.0,0.0,Ajuste
864.9498002529144,110.5,100.0,0.0,Ajuste
865.368054151535,110.9,100.0,0.0,Ajuste
866.0367259979248,110.9,100.0,0.0,Ajuste
866.4647872447968,111.4,100.0,0.0,Ajuste
867.0516102313995,111.4,100.0,0.0,Ajuste
867.4667062759399,111.7,100.0,0.0,Ajuste
868.0539832115173,111.7,100.0,0.0,Ajuste
868.4954171180725,112.1,100.0,0.0,Ajuste
869.0825593471527,112.1,100.0,0.0,Ajuste
869.4935553073883,112.4,100.0,0.0,Ajuste
870.1277723312378,112.4,100.0,0.0,Ajuste
870.5501832962036,112.7,100.0,0.0,Ajuste
871.1345162391663,112.7,100.0,0.0,Ajuste
871.5541021823883,113.0,100.0,0.0,Ajuste
872.1544213294983,113.0,100.0,0.0,Ajuste
872.5704760551453,113.2,100.0,0.0,Ajuste
873.1537501811981,113.2,100.0,0.0,Ajuste
873.5692312717438,113.5,100.0,0.0,Ajuste
874.1978533267975,113.5,100.0,0.0,Ajuste
874.6297142505646,113.8,100.0,0.0,Ajuste
875.3865351676941,113.9,100.0,0.0,Ajuste
875.8209972381592,113.9,100.0,0.0,Ajuste
876.3467981815338,114.2,100.0,0.0,Ajuste
876.7735481262207,114.2,100.0,0.0,Ajuste
877.3492171764374,114.3,100.0,0.0,Ajuste
877.7719211578369,114.3,100.0,0.0,Ajuste
878.3526721000671,114.5,100.0,0.0,Ajuste
878.771427154541,114.5,100.0,0.0,Ajuste
879.4037492275238,114.7,100.0,0.0,Ajuste
879.8098051548004,114.7,100.0,0.0,Ajuste
880.3807580471039,114.8,100.0,0.0,Ajuste
880.7909381389618,114.8,100.0,0.0,Ajuste
881.3178482055664,114.9,100.0,0.0,Ajuste
881.7387402057648,114.9,100.0,0.0,Ajuste
882.3240051269531,115.0,100.0,0.0,Ajuste
882.7441341876984,115.0,100.0,0.0,Ajuste
883.3880293369293,115.1,100.0,0.0,Ajuste
883.8007872104645,115.1,100.0,0.0,Ajuste
884.3804032802582,115.2,100.0,0.0,Ajuste
884.7890121936798,115.2,100.0,0.0,Ajuste
885.3162240982056,115.3,100.0,0.0,Ajuste
885.8822362422943,115.3,100.0,0.0,Ajuste
886.3471252918243,115.4,100.0,0.0,Ajuste
886.9091529846191,115.4,100.0,0.0,Ajuste
887.3275623321533,115.4,100.0,0.0,Ajuste
887.9023070335388,115.4,100.0,0.0,Ajuste
888.3128960132599,115.4,100.0,0.0,Ajuste
888.9398121833801,115.4,100.0,0.0,Ajuste
889.35396027565,115.5,100.0,0.0,Ajuste
889.9257111549377,115.5,100.0,0.0,Ajuste
890.3419692516327,115.5,100.0,0.0,Ajuste
890.963662147522,115.5,100.0,0.0,Ajuste
891.3803403377533,115.5,100.0,0.0,Ajuste
892.0028381347656,115.5,100.0,0.0,Ajuste
892.4207150936127,115.5,100.0,0.0,Ajuste
893.0479910373688,115.5,100.0,0.0,Ajuste
893.4658191204071,115.4,100.0,0.0,Ajuste
894.0883030891418,115.4,100.0,0.0,Ajuste
894.5474181175232,115.4,100.0,0.0,Ajuste
894.5712351799011,115.4,100.0,0.0,Ajuste
895.1475162506104,115.4,100.0,0.0,Ajuste
895.5637121200562,115.4,100.0,0.0,Ajuste
896.1875712871552,115.4,100.0,0.0,Ajuste
896.6107761859894,115.4,100.0,0.0,Ajuste
897.1838641166687,115.4,100.0,0.0,Ajuste
897.6044700145721,115.3,100.0,0.0,Ajuste
898.1806502342224,115.3,100.0,0.0,Ajuste
898.6018362045288,115.3,100.0,0.0,Ajuste
899.2308852672577,115.3,100.0,0.0,Ajuste
899.6499161720276,115.2,100.0,0.0,Ajuste
900.2733659744263,115.2,100.0,0.0,Ajuste
900.6918621063232,115.2,100.0,0.0,Ajuste
901.2696120738983,115.2,100.0,0.0,Ajuste
901.6945312023163,115.1,100.0,0.0,Ajuste
902.323566198349,115.1,100.0,0.0,Ajuste
902.7498691082001,115.0,100.0,0.0,Ajuste
903.331885099411,115.0,100.0,0.0,Ajuste
903.7526392936707,115.0,100.0,0.0,Ajuste
904.3360900878906,115.0,100.0,0.0,Ajuste
904.7573790550232,114.9,100.0,0.0,Ajuste
905.3877241611481,114.9,100.0,0.0,Ajuste
905.8136682510376,114.8,100.0,0.0,Ajuste
906.3963232040405,114.8,100.0,0.0,Ajuste
906.8181293010712,114.8,100.0,0.0,Ajuste
907.4017090797424,114.8,100.0,0.0,Ajuste
907.8216111660004,114.7,100.0,0.0,Ajuste
908.4572951793671,114.7,100.0,0.0,Ajuste
908.8828871250153,114.6,100.0,0.0,Ajuste
909.4654312133789,114.6,100.0,0.0,Ajuste
909.8860671520233,114.5,100.0,0.0,Ajuste
910.5206031799316,114.5,100.0,0.0,Ajuste
910.948890209198,114.3,100.0,0.0,Ajuste
911.5847551822662,114.3,100.0,0.0,Ajuste
912.0062420368195,114.2,100.0,0.0,Ajuste
912.5908842086792,114.2,100.0,0.0,Ajuste
913.0060532093048,114.2,100.0,0.0,Ajuste
913.6274380683899,114.2,100.0,0.0,Ajuste
914.0502572059631,114.0,100.0,0.0,Ajuste
914.6905131340027,114.0,100.0,0.0,Ajuste
915.1136901378632,113.9,100.0,0.0,Ajuste
915.7020201683044,113.9,100.0,0.0,Ajuste
916.1233162879944,113.8,100.0,0.0,Ajuste
916.7099943161011,113.8,100.0,0.0,Ajuste
917.1290442943573,113.7,100.0,0.0,Ajuste
917.7194333076477,113.7,100.0,0.0,Ajuste
918.1404092311859,113.6,100.0,0.0,Ajuste
918.7800121307373,113.6,100.0,0.0,Ajuste
919.206071138382,113.5,100.0,0.0,Ajuste
919.799473285675,113.5,100.0,0.0,Ajuste
920.2255783081055,113.3,100.0,0.0,Ajuste
920.8160350322723,113.3,100.0,0.0,Ajuste
921.2394423484802,113.2,100.0,0.0,Ajuste
921.8312640190125,113.2,100.0,0.0,Ajuste
922.2513701915741,113.0,100.0,0.0,Ajuste
922.844633102417,113.0,100.0,0.0,Ajuste
923.263426065445,112.9,100.0,0.0,Ajuste
923.9093301296234,112.9,100.0,0.0,Ajuste
924.3336961269379,112.8,100.0,0.0,Ajuste
924.9816801548004,112.8,100.0,0.0,Ajuste
925.4019513130188,112.7,100.0,0.0,Ajuste
926.0034222602844,112.7,100.0,0.0,Ajuste
926.4254291057587,112.5,100.0,0.0,Ajuste
927.0194742679596,112.5,100.0,0.0,Ajuste
927.4378051757812,112.4,100.0,0.0,Ajuste
928.0325212478638,112.4,100.0,0.0,Ajuste
928.4540133476257,112.2,100.0,0.0,Ajuste
929.088534116745,112.2,100.0,0.0,Ajuste
929.5089583396912,112.1,100.0,0.0,Ajuste
930.1491739749908,112.1,100.0,0.0,Ajuste
930.5733852386475,112.0,100.0,0.0,Ajuste
931.2145512104034,112.0,100.0,0.0,Ajuste
931.637314081192,111.8,100.0,0.0,Ajuste
932.2948172092438,111.8,100.0,0.0,Ajuste
932.7287983894348,111.7,100.0,0.0,Ajuste
933.3222122192383,111.7,100.0,0.0,Ajuste
933.7465252876282,111.5,100.0,0.0,Ajuste
934.3333652019501,111.5,100.0,0.0,Ajuste
934.7557592391968,111.5,100.0,0.0,Ajuste
935.289546251297,111.3,100.0,0.0,Ajuste
935.7089793682098,111.3,100.0,0.0,Ajuste
936.3499402999878,111.3,100.0,0.0,Ajuste
936.7758042812347,111.1,100.0,0.0,Ajuste
937.3626711368561,111.1,100.0,0.0,Ajuste
937.7858643531799,111.0,100.0,0.0,Ajuste
938.3696250915527,111.0,100.0,0.0,Ajuste
938.7958090305328,110.8,100.0,0.0,Ajuste
939.3817400932312,110.8,100.0,0.0,Ajuste
939.8090260028839,110.8,100.0,0.0,Ajuste
940.4460701942444,110.8,100.0,0.0,Ajuste
940.8736882209778,110.6,100.0,0.0,Ajuste
941.5124380588531,110.6,100.0,0.0,Ajuste
941.9377310276031,110.4,100.0,0.0,Ajuste
942.5287690162659,110.4,100.0,0.0,Ajuste
942.9560062885284,110.3,100.0,0.0,Ajuste
943.5954790115356,110.3,100.0,0.0,Ajuste
944.0227761268616,110.2,100.0,0.0,Ajuste
944.6127982139587,110.2,100.0,0.0,Ajuste
945.0452582836151,110.0,100.0,0.0,Ajuste
945.6797142028809,110.0,100.0,0.0,Ajuste
946.1114900112152,109.8,100.0,0.0,Ajuste
946.6970512866974,109.8,100.0,0.0,Ajuste
947.1295421123505,109.7,100.0,0.0,Ajuste
947.7257142066956,109.7,100.0,0.0,Ajuste
948.1577882766724,109.5,100.0,0.0,Ajuste
948.7473709583282,109.5,100.0,0.0,Ajuste
949.1795332431793,109.4,100.0,0.0,Ajuste
949.7741162776947,109.4,100.0,0.0,Ajuste
950.2053112983704,109.2,100.0,0.0,Ajuste
950.841625213623,109.2,100.0,0.0,Ajuste
951.2726781368256,109.1,100.0,0.0,Ajuste
951.8623442649841,109.1,100.0,0.0,Ajuste
952.2923481464386,108.9,100.0,0.0,Ajuste
952.9333550930023,108.9,100.0,0.0,Ajuste
953.3655242919922,108.7,100.0,0.0,Ajuste
954.0023159980774,108.7,100.0,0.0,Ajuste
954.4322082996368,108.6,100.0,0.0,Ajuste
955.0753021240234,108.6,100.0,0.0,Ajuste
955.5057401657104,108.4,100.0,0.0,Ajuste
956.097293138504,108.4,100.0,0.0,Ajuste
956.5326232910156,108.3,100.0,0.0,Ajuste
957.1705331802368,108.3,100.0,0.0,Ajuste
957.6004462242126,108.2,100.0,0.0,Ajuste
958.1948862075806,108.2,100.0,0.0,Ajuste
958.6308810710907,108.1,100.0,0.0,Ajuste
959.2295873165131,108.1,100.0,0.0,Ajuste
959.6673531532288,107.9,100.0,0.0,Ajuste
960.262204170227,107.9,100.0,0.0,Ajuste
960.6967132091522,107.8,100.0,0.0,Ajuste
961.3394601345062,107.8,100.0,0.0,Ajuste
961.7739162445068,107.6,100.0,0.0,Ajuste
962.3644280433655,107.6,100.0,0.0,Ajuste
962.7996573448181,107.5,100.0,0.0,Ajuste
963.4396121501923,107.5,100.0,0.0,Ajuste
963.8733811378479,107.4,100.0,0.0,Ajuste
964.4657652378082,107.4,100.0,0.0,Ajuste
964.8988800048828,107.2,100.0,0.0,Ajuste
965.5401742458344,107.1,100.0,0.0,Ajuste
965.9721252918243,107.1,100.0,0.0,Ajuste
966.5662930011749,107.1,100.0,0.0,Ajuste
967.0017173290253,106.9,100.0,0.0,Ajuste
967.6464152336121,106.9,100.0,0.0,Ajuste
968.0842070579529,106.8,100.0,0.0,Ajuste
968.7284750938416,106.8,100.0,0.0,Ajuste
969.1660962104797,106.7,100.0,0.0,Ajuste
969.7581841945648,106.7,100.0,0.0,Ajuste
970.1958730220795,106.5,100.0,0.0,Ajuste
970.8383402824402,106.5,100.0,0.0,Ajuste
971.2745542526245,106.4,100.0,0.0,Ajuste
971.8729400634766,106.4,100.0,0.0,Ajuste
972.3117032051086,106.2,100.0,0.0,Ajuste
972.9049031734467,106.2,100.0,0.0,Ajuste
973.3434722423553,106.0,100.0,0.0,Ajuste
973.9438762664795,106.0,100.0,0.0,Ajuste
974.3809683322906,105.9,100.0,0.0,Ajuste
974.9771401882172,105.9,100.0,0.0,Ajuste
975.4165341854095,105.8,100.0,0.0,Ajuste
976.0116622447968,105.8,100.0,0.0,Ajuste
976.4515991210938,105.6,100.0,0.0,Ajuste
977.0972332954407,105.6,100.0,0.0,Ajuste
977.5330321788788,105.5,100.0,0.0,Ajuste
978.1297173500061,105.5,100.0,0.0,Ajuste
978.56778216362,105.3,100.0,0.0,Ajuste
979.2103412151337,105.3,100.0,0.0,Ajuste
979.6510362625122,105.1,100.0,0.0,Ajuste
980.2496452331543,105.1,100.0,0.0,Ajuste
980.6872251033783,105.0,100.0,0.0,Ajuste
981.2855134010315,105.0,100.0,0.0,Ajuste
981.7252180576324,104.8,100.0,0.0,Ajuste
982.3637120723724,104.8,100.0,0.0,Ajuste
982.8033311367035,104.7,100.0,0.0,Ajuste
983.4045112133026,104.7,100.0,0.0,Ajuste
983.8632502555847,104.6,100.0,0.0,Ajuste
984.4598572254181,104.6,100.0,0.0,Ajuste
984.9002270698547,104.4,100.0,0.0,Ajuste
985.5049161911011,104.4,100.0,0.0,Ajuste
985.949746131897,104.2,100.0,0.0,Ajuste
986.6001241207123,104.2,100.0,0.0,Ajuste
987.0404431819916,104.1,100.0,0.0,Ajuste
987.695629119873,104.0,100.0,0.0,Ajuste
988.1813230514526,104.0,100.0,0.0,Ajuste
988.7366602420807,103.8,100.0,0.0,Ajuste
989.1760320663452,103.8,100.0,0.0,Ajuste
989.7260310649872,103.7,100.0,0.0,Ajuste
990.1698763370514,103.7,100.0,0.0,Ajuste
990.7227110862732,103.5,100.0,0.0,Ajuste
991.1634151935577,103.5,100.0,0.0,Ajuste
991.7192749977112,103.4,100.0,0.0,Ajuste
992.1582231521606,103.4,100.0,0.0,Ajuste
992.7157642841339,103.3,100.0,0.0,Ajuste
993.1550400257111,103.3,100.0,0.0,Ajuste
993.7044050693512,103.2,100.0,0.0,Ajuste
994.1472902297974,103.2,100.0,0.0,Ajuste
994.7085433006287,103.0,100.0,0.0,Ajuste
995.1459562778473,103.0,100.0,0.0,Ajuste
995.7070851325989,102.9,100.0,0.0,Ajuste
996.1430242061615,102.9,100.0,0.0,Ajuste
996.7099230289459,102.7,100.0,0.0,Ajuste
997.1443512439728,102.7,100.0,0.0,Ajuste
997.7517311573029,102.6,100.0,0.0,Ajuste
998.1882202625275,102.6,100.0,0.0,Ajuste
998.7499442100525,102.5,100.0,0.0,Ajuste
999.1904582977295,102.5,100.0,0.0,Ajuste
999.6971051692963,102.3,100.0,0.0,Ajuste
1000.1425850391388,102.3,100.0,0.0,Ajuste
1000.7601771354675,102.2,100.0,0.0,Ajuste
1001.1977052688599,102.2,100.0,0.0,Ajuste
1001.7165193557739,102.1,100.0,0.0,Ajuste
1002.154235124588,102.1,100.0,0.0,Ajuste
1002.7191443443298,102.0,100.0,0.0,Ajuste
1003.3102142810822,102.0,100.0,0.0,Ajuste
1003.7615463733673,101.8,100.0,0.0,Ajuste
1004.365305185318,101.8,100.0,0.0,Ajuste
1004.8156032562256,101.7,100.0,0.0,Ajuste
1005.4677362442017,101.7,100.0,0.0,Ajuste
1005.915647983551,101.6,100.0,0.0,Ajuste
1006.5194401741028,101.6,100.0,0.0,Ajuste
1006.9690523147583,101.5,100.0,0.0,Ajuste
1007.6248424053192,101.5,100.0,0.0,Ajuste
1008.0719511508942,101.5,100.0,0.0,Ajuste
1008.7759280204773,101.4,100.0,0.0,Ajuste
1009.2235071659088,101.4,100.0,0.0,Ajuste
1009.7331721782684,101.2,100.0,0.0,Ajuste
1010.1789391040802,101.2,100.0,0.0,Ajuste
1010.7359464168549,101.0,100.0,0.0,Ajuste
1011.1770973205566,101.0,100.0,0.0,Ajuste
1011.7371191978455,100.9,100.0,0.0,Ajuste
1012.1827611923218,100.9,100.0,0.0,Ajuste
1012.7375133037567,100.8,100.0,0.0,Ajuste
1013.1839942932129,100.8,100.0,0.0,Ajuste
1013.6405901908875,100.8,100.0,0.0,Ajuste
1014.1043043136597,100.8,100.0,0.0,Ajuste
1014.5613222122192,100.8,100.0,0.0,Ajuste
1015.0401751995087,100.6,100.0,0.0,Ajuste
1015.6597230434418,100.6,100.0,0.0,Ajuste
1016.1117351055145,100.5,100.0,0.0,Ajuste
1016.7771832942963,100.5,100.0,0.0,Ajuste
1017.2312531471252,100.3,100.0,0.0,Ajuste
1017.8955192565918,100.2,100.0,0.0,Ajuste
1018.348119020462,100.2,100.0,0.0,Ajuste
1018.9125821590424,100.1,100.0,0.0,Ajuste
1019.361218214035,100.1,100.0,0.0,Ajuste
1019.9244432449341,100.0,100.0,0.0,Ajuste
1020.3732631206512,100.0,100.0,0.0,Ajuste
1020.8865191936493,99.8,100.0,0.0,Ajuste
1021.3303081989288,99.8,100.0,0.0,Ajuste
1021.8466532230377,99.7,100.0,0.0,Ajuste
1022.290931224823,99.7,100.0,0.0,Ajuste
1022.316329240799,99.7,100.0,0.0,Ajuste
1022.9843962192535,99.6,100.0,0.0,Ajuste
1023.4303512573242,99.6,100.0,0.0,Ajuste
1023.9978601932526,99.6,100.0,0.0,Ajuste
1024.4425721168518,99.6,100.0,0.0,Ajuste
1025.0151371955872,99.4,100.0,0.0,Ajuste
1025.4609971046448,99.4,100.0,0.0,Ajuste
1026.0798902511597,99.2,100.0,0.0,Ajuste
1026.5781433582306,99.2,100.0,0.0,Ajuste
1027.096491098404,99.2,100.0,0.0,Ajuste
1027.584742307663,99.2,100.0,0.0,Ajuste
1028.0796563625336,99.0,100.0,0.0,Ajuste
1028.7839951515198,99.0,100.0,0.0,Ajuste
1029.2518813610077,98.9,100.0,0.0,Ajuste
1029.923760175705,98.9,100.0,0.0,Ajuste
1030.3916280269623,98.8,100.0,0.0,Ajuste
1031.0666811466217,98.7,100.0,0.0,Ajuste
1031.5200760364532,98.7,100.0,0.0,Ajuste
1032.0920052528381,98.6,100.0,0.0,Ajuste
1032.551770210266,98.6,100.0,0.0,Ajuste
1033.043291091919,98.5,100.0,100.0,Ajuste
1033.527606010437,98.5,100.0,100.0,Ajuste
1034.0494451522827,98.4,100.0,100.0,Ajuste
1034.516241312027,98.4,100.0,100.0,Ajuste
1035.041570186615,98.3,100.0,100.0,Ajuste
1035.6653492450714,98.3,100.0,100.0,Ajuste
1036.1340861320496,98.1,100.0,100.0,Ajuste
1036.773050069809,98.1,100.0,100.0,Ajuste
1037.2663521766663,98.0,100.0,100.0,Ajuste
1037.939313173294,98.0,100.0,100.0,Ajuste
1038.4048871994019,97.9,100.0,100.0,Ajuste
1039.1405942440033,97.8,100.0,100.0,Ajuste
1039.6039249897003,97.8,100.0,100.0,Ajuste
1040.1292462348938,97.7,100.0,100.0,Ajuste
1040.582589149475,97.7,100.0,100.0,Ajuste
1041.1114711761475,97.6,100.0,100.0,Ajuste
1041.5660572052002,97.6,100.0,100.0,Ajuste
1042.091890335083,97.5,100.0,100.0,Ajuste
1042.5532653331757,97.5,100.0,100.0,Ajuste
1043.1377730369568,97.4,100.0,100.0,Ajuste
1043.6033871173859,97.4,100.0,100.0,Ajuste
1044.1330161094666,97.3,100.0,100.0,Ajuste
1044.590627193451,97.3,100.0,100.0,Ajuste
1045.1225290298462,97.3,100.0,100.0,Ajuste
1045.6162083148956,97.3,100.0,100.0,Ajuste
1046.1114013195038,97.2,100.0,100.0,Ajuste
1046.7483332157135,97.2,100.0,100.0,Ajuste
1047.2276411056519,97.2,100.0,100.0,Ajuste
1047.8579461574554,97.2,100.0,100.0,Ajuste
1048.3307890892029,97.2,100.0,100.0,Ajuste
1048.960918188095,97.2,100.0,100.0,Ajuste
1049.4354181289673,97.1,100.0,100.0,Ajuste
1050.1183762550354,97.2,100.0,100.0,Ajuste
1050.6229832172394,97.2,100.0,100.0,Ajuste
1051.1497662067413,97.1,100.0,100.0,Ajuste
1051.6166362762451,97.1,100.0,100.0,Ajuste
1052.1441593170166,97.2,100.0,100.0,Ajuste
1052.6132111549377,97.2,100.0,100.0,Ajuste
1053.1455800533295,97.2,100.0,100.0,Ajuste
1053.6122543811798,97.2,100.0,100.0,Ajuste
1054.1923503875732,97.2,100.0,100.0,Ajuste
1054.6632623672485,97.2,100.0,100.0,Ajuste
1055.1473841667175,97.3,100.0,100.0,Ajuste
1055.6328041553497,97.3,100.0,100.0,Ajuste
1056.1080009937286,97.4,100.0,100.0,Ajuste
1056.7464761734009,97.4,100.0,100.0,Ajuste
1057.2091302871704,97.5,100.0,100.0,Ajuste
1057.8458061218262,97.5,100.0,100.0,Ajuste
1058.3123111724854,97.6,100.0,100.0,Ajuste
1058.9497063159943,97.6,100.0,100.0,Ajuste
1059.418062210083,97.8,100.0,100.0,Ajuste
1060.0524742603302,97.8,100.0,100.0,Ajuste
1060.51744222641,98.0,100.0,100.0,Ajuste
1061.2554349899292,98.1,100.0,100.0,Ajuste
1061.7250561714172,98.1,100.0,100.0,Ajuste
1062.209941148758,98.4,100.0,100.0,Ajuste
1062.6946423053741,98.4,100.0,100.0,Ajuste
1063.233344078064,98.5,100.0,100.0,Ajuste
1063.700213432312,98.5,100.0,100.0,Ajuste
1064.2386600971222,98.8,100.0,100.0,Ajuste
1064.7115902900696,98.8,100.0,100.0,Ajuste
1065.2026262283325,99.0,100.0,100.0,Ajuste
1065.8349492549896,99.0,100.0,100.0,Ajuste
1066.308601140976,99.3,100.0,100.0,Ajuste
1066.9426522254944,99.3,100.0,100.0,Ajuste
1067.4173953533173,99.6,100.0,100.0,Ajuste
1068.0470042228699,99.6,100.0,100.0,Ajuste
1068.515849351883,99.8,100.0,100.0,Ajuste
1069.2503390312195,100.2,100.0,100.0,Ajuste
1069.7201762199402,100.2,100.0,100.0,Ajuste
1070.2042880058289,100.5,100.0,100.0,Ajuste
1070.6850411891937,100.5,100.0,100.0,Ajuste
1071.2178781032562,100.9,100.0,100.0,Ajuste
1071.6924822330475,100.9,100.0,100.0,Ajuste
1072.276141166687,101.2,100.0,100.0,Ajuste
1072.7448422908783,101.2,100.0,100.0,Ajuste
1073.2291152477264,101.7,100.0,0.0,Ajuste
1073.7206361293793,101.7,100.0,0.0,Ajuste
1074.231290102005,102.0,100.0,0.0,Ajuste
1074.8832173347473,102.0,100.0,0.0,Ajuste
1075.367031097412,102.4,100.0,0.0,Ajuste
1076.0063712596893,102.4,100.0,0.0,Ajuste
1076.4801490306854,102.9,100.0,0.0,Ajuste
1077.1664111614227,102.9,100.0,0.0,Ajuste
1077.6452572345734,103.4,100.0,0.0,Ajuste
1078.2877011299133,103.9,100.0,0.0,Ajuste
1078.7630162239075,103.9,100.0,0.0,Ajuste
1079.2973222732544,104.3,100.0,0.0,Ajuste
1079.7722182273865,104.3,100.0,0.0,Ajuste
1080.2884831428528,104.8,100.0,0.0,Ajuste
1080.787555217743,104.8,100.0,0.0,Ajuste
1081.2807712554932,105.3,100.0,0.0,Ajuste
1081.935524225235,105.3,100.0,0.0,Ajuste
1082.422057390213,105.8,100.0,0.0,Ajuste
1083.0782101154327,105.8,100.0,0.0,Ajuste
1083.5606951713562,106.2,100.0,0.0,Ajuste
1084.3162081241608,106.7,100.0,0.0,Ajuste
1084.7955462932587,106.7,100.0,0.0,Ajuste
1085.2974002361298,107.2,100.0,0.0,Ajuste
1085.801666021347,107.2,100.0,0.0,Ajuste
1086.2979593276978,107.7,100.0,0.0,Ajuste
1086.9444761276245,107.7,100.0,0.0,Ajuste
1087.4343810081482,108.2,100.0,0.0,Ajuste
1088.1320734024048,108.2,100.0,0.0,Ajuste
1088.6220371723175,108.7,100.0,0.0,Ajuste
1089.2760412693024,109.1,100.0,0.0,Ajuste
1089.7659413814545,109.1,100.0,0.0,Ajuste
1090.27143907547,109.5,100.0,0.0,Ajuste
1090.7727720737457,109.5,100.0,0.0,Ajuste
1091.274203300476,110.0,100.0,0.0,Ajuste
1091.9981062412262,110.0,100.0,0.0,Ajuste
1092.5022032260895,110.4,100.0,0.0,Ajuste
1093.160390138626,110.4,100.0,0.0,Ajuste
1093.6500551700592,110.8,100.0,0.0,Ajuste
1094.3600580692291,111.2,100.0,0.0,Ajuste
1094.8493213653564,111.2,100.0,0.0,Ajuste
1095.3472833633423,111.6,100.0,0.0,Ajuste
1095.866059064865,111.6,100.0,0.0,Ajuste
1096.3695223331451,112.0,100.0,0.0,Ajuste
1096.9014611244202,112.0,100.0,0.0,Ajuste
1097.5333461761475,112.3,100.0,0.0,Ajuste
1098.0899982452393,112.3,100.0,0.0,Ajuste
1098.6069581508636,112.6,100.0,0.0,Ajuste
1099.1178669929504,112.6,100.0,0.0,Ajuste
1099.6348311901093,112.9,100.0,0.0,Ajuste
1100.1415810585022,112.9,100.0,0.0,Ajuste
1100.6449382305145,113.2,100.0,0.0,Ajuste
1101.141525030136,113.2,100.0,0.0,Ajuste
1101.6501231193542,113.5,100.0,0.0,Ajuste
1102.1493082046509,113.5,100.0,0.0,Ajuste
1102.6491813659668,113.6,100.0,0.0,Ajuste
1103.304499387741,113.9,100.0,0.0,Ajuste
1103.7886922359467,113.9,100.0,0.0,Ajuste
1104.3412940502167,114.0,100.0,0.0,Ajuste
1104.8229422569275,114.0,100.0,0.0,Ajuste
1105.3187391757965,114.2,100.0,0.0,Ajuste
1105.8371062278748,114.2,100.0,0.0,Ajuste
1106.3443462848663,114.3,100.0,0.0,Ajuste
1106.8422541618347,114.3,100.0,0.0,Ajuste
1107.3417291641235,114.6,100.0,0.0,Ajuste
1108.0025272369385,114.6,100.0,0.0,Ajuste
1108.4967331886292,114.7,100.0,0.0,Ajuste
1109.1474680900574,114.8,100.0,0.0,Ajuste
1109.6284911632538,114.8,100.0,0.0,Ajuste
1110.2789092063904,114.8,100.0,0.0,Ajuste
1110.7610812187195,114.9,100.0,0.0,Ajuste
1111.463817358017,115.1,100.0,0.0,Ajuste
1111.9464852809906,115.1,100.0,0.0,Ajuste
1112.4461812973022,115.1,100.0,0.0,Ajuste
1112.949110031128,115.1,100.0,0.0,Ajuste
1113.494965314865,115.2,100.0,0.0,Ajuste
1114.0323073863983,115.2,100.0,0.0,Ajuste
1114.5538442134857,115.3,100.0,0.0,Ajuste
1115.0728843212128,115.3,100.0,0.0,Ajuste
1115.5753610134125,115.4,100.0,0.0,Ajuste
1116.1108651161194,115.4,100.0,0.0,Ajuste
1116.6234681606293,115.4,100.0,0.0,Ajuste
1116.6515772342682,115.4,100.0,0.0,Ajuste
1117.165075302124,115.4,100.0,0.0,Ajuste
1117.6690621376038,115.4,100.0,0.0,Ajuste
1118.1697490215302,115.4,100.0,0.0,Ajuste
1118.6685140132904,115.4,100.0,0.0,Ajuste
1119.3219063282013,115.4,100.0,0.0,Ajuste
1119.8107151985168,115.4,100.0,0.0,Ajuste
1120.4963734149933,115.4,100.0,0.0,Ajuste
1120.9846839904785,115.4,100.0,0.0,Ajuste
1121.5383331775665,115.4,100.0,0.0,Ajuste
1122.025761127472,115.4,100.0,0.0,Ajuste
1122.523422241211,115.4,100.0,0.0,Ajuste
1123.0279352664948,115.4,100.0,0.0,Ajuste
1123.532305240631,115.4,100.0,0.0,Ajuste
1124.0349061489105,115.4,100.0,0.0,Ajuste
1124.5366871356964,115.4,100.0,0.0,Ajuste
1125.19433426857,115.4,100.0,0.0,Ajuste
1125.6837701797485,115.3,100.0,0.0,Ajuste
1126.3882942199707,115.3,100.0,0.0,Ajuste
1126.8705883026123,115.3,100.0,0.0,Ajuste
1127.524489402771,115.3,100.0,0.0,Ajuste
1128.0025520324707,115.3,100.0,0.0,Ajuste
1128.4998111724854,115.2,100.0,0.0,Ajuste
1128.992546081543,115.2,100.0,0.0,Ajuste
1129.4892044067383,115.1,100.0,0.0,Ajuste
1130.1305992603302,115.1,100.0,0.0,Ajuste
1130.6145310401917,115.1,100.0,0.0,Ajuste
1131.2538301944733,115.1,100.0,0.0,Ajuste
1131.7404742240906,115.0,100.0,0.0,Ajuste
1132.384791135788,115.0,100.0,0.0,Ajuste
1132.8656742572784,114.9,100.0,0.0,Ajuste
1133.457064151764,114.8,100.0,0.0,Ajuste
1133.9333312511444,114.8,100.0,0.0,Ajuste
1134.5779991149902,114.8,100.0,0.0,Ajuste
1135.0828800201416,114.8,100.0,0.0,Ajuste
1135.7524342536926,114.7,100.0,0.0,Ajuste
1136.2297520637512,114.7,100.0,0.0,Ajuste
1136.72669839859,114.5,100.0,0.0,Ajuste
1137.2298181056976,114.5,100.0,0.0,Ajuste
1137.7755529880524,114.4,100.0,0.0,Ajuste
1138.2549014091492,114.4,100.0,0.0,Ajuste
1138.7505841255188,114.3,100.0,0.0,Ajuste
1139.2561390399933,114.3,100.0,0.0,Ajuste
1139.7556583881378,114.2,100.0,0.0,Ajuste
1140.4065489768982,114.2,100.0,0.0,Ajuste
1140.8939802646637,114.2,100.0,0.0,Ajuste
1141.5377011299133,114.2,100.0,0.0,Ajuste
1142.0272493362427,114.0,100.0,0.0,Ajuste
1142.7286672592163,113.9,100.0,0.0,Ajuste
1143.2106721401215,113.9,100.0,0.0,Ajuste
1143.7558932304382,113.8,100.0,0.0,Ajuste
1144.2420573234558,113.8,100.0,0.0,Ajuste
1144.744564294815,113.7,100.0,0.0,Ajuste
1145.251992225647,113.7,100.0,0.0,Ajuste
1145.7424581050873,113.6,100.0,0.0,Ajuste
1146.402092218399,113.6,100.0,0.0,Ajuste
1146.8842701911926,113.4,100.0,0.0,Ajuste
1147.5386872291565,113.4,100.0,0.0,Ajuste
1148.0222971439362,113.3,100.0,0.0,Ajuste
1148.5233011245728,113.2,100.0,0.0,Ajuste
1149.0233902931213,113.2,100.0,0.0,Ajuste
1149.0492951869965,113.2,100.0,0.0,Ajuste
1149.753624200821,113.0,100.0,0.0,Ajuste
1150.2374861240387,113.0,100.0,0.0,Ajuste
1150.7897562980652,112.9,100.0,0.0,Ajuste
1151.280611038208,112.9,100.0,0.0,Ajuste
1151.7849609851837,112.7,100.0,0.0,Ajuste
1152.2863931655884,112.7,100.0,0.0,Ajuste
1152.784418106079,112.7,100.0,0.0,Ajuste
1153.4346191883087,112.7,100.0,0.0,Ajuste
1153.9227230548859,112.5,100.0,0.0,Ajuste
1154.6183302402496,112.5,100.0,0.0,Ajuste
1155.1032922267914,112.4,100.0,0.0,Ajuste
1155.7543380260468,112.2,100.0,0.0,Ajuste
1156.2336440086365,112.2,100.0,0.0,Ajuste
1156.7358062267303,112.1,100.0,0.0,Ajuste
1157.2411303520203,112.1,100.0,0.0,Ajuste
1157.7397112846375,112.0,100.0,0.0,Ajuste
1158.401884317398,112.0,100.0,0.0,Ajuste
1158.89475607872,111.8,100.0,0.0,Ajuste
1159.5441353321075,111.8,100.0,0.0,Ajuste
1160.0341753959656,111.7,100.0,0.0,Ajuste
1160.78515625,111.6,100.0,0.0,Ajuste
1161.2692363262177,111.6,100.0,0.0,Ajuste
1161.7680282592773,111.4,100.0,0.0,Ajuste
1162.2775993347168,111.4,100.0,0.0,Ajuste
1162.783357143402,111.2,100.0,0.0,Ajuste
1163.289754152298,111.2,100.0,0.0,Ajuste
1163.7888371944427,111.2,100.0,0.0,Ajuste
1164.2976512908936,111.1,100.0,0.0,Ajuste
1164.323182106018,111.1,100.0,0.0,Ajuste
1164.8773262500763,111.0,100.0,0.0,Ajuste
1165.3709440231323,111.0,100.0,0.0,Ajuste
1165.8752744197845,110.9,100.0,0.0,Ajuste
1166.3985652923584,110.9,100.0,0.0,Ajuste
1166.8938500881195,110.7,100.0,0.0,Ajuste
1167.4050261974335,110.7,100.0,0.0,Ajuste
1167.9014332294464,110.6,100.0,0.0,Ajuste
1168.4200103282928,110.6,100.0,0.0,Ajuste
1168.9200451374054,110.5,100.0,0.0,Ajuste
1169.4310493469238,110.5,100.0,0.0,Ajuste
1169.9321122169495,110.3,100.0,0.0,Ajuste
1170.442741394043,110.3,100.0,0.0,Ajuste
1170.9483361244202,110.3,100.0,0.0,Ajuste
1171.4563221931458,110.3,100.0,0.0,Ajuste
1171.9620251655579,110.0,100.0,0.0,Ajuste
1172.4676702022552,110.0,100.0,0.0,Ajuste
1172.9756872653961,109.9,100.0,0.0,Ajuste
1173.4824969768524,109.9,100.0,0.0,Ajuste
1173.989351272583,109.8,100.0,0.0,Ajuste
1174.4990062713623,109.8,100.0,0.0,Ajuste
1175.01682138443,109.7,100.0,0.0,Ajuste
1175.5445711612701,109.7,100.0,0.0,Ajuste
1176.0567891597748,109.5,100.0,0.0,Ajuste
1176.5645871162415,109.5,100.0,0.0,Ajuste
1177.0968692302704,109.4,100.0,0.0,Ajuste
1177.6588411331177,109.4,100.0,0.0,Ajuste
1178.1720759868622,109.3,100.0,0.0,Ajuste
1178.679698228836,109.3,100.0,0.0,Ajuste
1179.187182188034,109.1,100.0,0.0,Ajuste
1179.6993262767792,109.1,100.0,0.0,Ajuste
1180.2057032585144,109.0,100.0,0.0,Ajuste
1180.7151491641998,109.0,100.0,0.0,Ajuste
1181.2227120399475,108.9,100.0,0.0,Ajuste
1181.735541343689,108.9,100.0,0.0,Ajuste
1182.248568058014,108.8,100.0,0.0,Ajuste
1182.758819103241,108.8,100.0,0.0,Ajuste
1183.274335384369,108.6,100.0,0.0,Ajuste
1183.783465385437,108.6,100.0,0.0,Ajuste
1184.302656173706,108.5,100.0,0.0,Ajuste
1184.8101592063904,108.5,100.0,0.0,Ajuste
1185.3382222652435,108.3,100.0,0.0,Ajuste
1185.8640592098236,108.3,100.0,0.0,Ajuste
1185.894613981247,108.2,100.0,0.0,Ajuste
1186.556057214737,108.2,100.0,0.0,Ajuste
1187.0525753498077,108.1,100.0,0.0,Ajuste
1187.7708222866058,108.1,100.0,0.0,Ajuste
1188.2734940052032,108.0,100.0,0.0,Ajuste
1188.8725900650024,107.9,100.0,0.0,Ajuste
1189.364244222641,107.9,100.0,0.0,Ajuste
1189.8777492046356,107.7,100.0,0.0,Ajuste
1190.389701128006,107.7,100.0,0.0,Ajuste
1190.899691104889,107.6,100.0,0.0,Ajuste
1191.4089782238007,107.6,100.0,0.0,Ajuste
1191.9213120937347,107.5,100.0,0.0,Ajuste
1192.4295282363892,107.5,100.0,0.0,Ajuste
1192.943528175354,107.4,100.0,0.0,Ajuste
1193.455116033554,107.3,100.0,0.0,Ajuste
1193.483963251114,107.3,100.0,0.0,Ajuste
1194.0474240779877,107.2,100.0,0.0,Ajuste
1194.5388610363007,107.2,100.0,0.0,Ajuste
1195.0537042617798,107.0,100.0,0.0,Ajuste
1195.5625431537628,107.0,100.0,0.0,Ajuste
1196.0782761573792,106.9,100.0,0.0,Ajuste
1196.5946581363678,106.9,100.0,0.0,Ajuste
1197.1033372879028,106.8,100.0,0.0,Ajuste
1197.6172060966492,106.8,100.0,0.0,Ajuste
1198.1335091590881,106.7,100.0,0.0,Ajuste
1198.6522290706635,106.7,100.0,0.0,Ajuste
1199.1768472194672,106.6,100.0,0.0,Ajuste
1199.2052700519562,106.5,100.0,0.0,Ajuste
1199.7270293235779,106.5,100.0,0.0,Ajuste
1200.2513301372528,106.4,100.0,0.0,Ajuste
1200.7693560123444,106.4,100.0,0.0,Ajuste
1201.2938811779022,106.3,100.0,0.0,Ajuste
1201.8136522769928,106.3,100.0,0.0,Ajuste
1202.332735300064,106.2,100.0,0.0,Ajuste
1202.8543782234192,106.2,100.0,0.0,Ajuste
1203.3853962421417,106.0,100.0,0.0,Ajuste
1203.9066772460938,106.0,100.0,0.0,Ajuste
1204.4238822460175,105.9,100.0,0.0,Ajuste
1204.944863319397,105.9,100.0,0.0,Ajuste
1205.4622893333435,105.8,100.0,0.0,Ajuste
1205.9838330745697,105.8,100.0,0.0,Ajuste
1206.5116481781006,105.7,100.0,0.0,Ajuste
1207.028237104416,105.7,100.0,0.0,Ajuste
1207.550486087799,105.5,100.0,0.0,Ajuste
1208.077919960022,105.5,100.0,0.0,Ajuste
1208.595673084259,105.4,100.0,0.0,Ajuste
1209.111601114273,105.4,100.0,0.0,Ajuste
1209.633005142212,105.3,100.0,0.0,Ajuste
1210.1476910114288,105.3,100.0,0.0,Ajuste
1210.6706039905548,105.1,100.0,0.0,Ajuste
1211.1903431415558,105.1,100.0,0.0,Ajuste
1211.2221150398254,105.0,100.0,0.0,Ajuste
1211.8880021572113,105.0,100.0,0.0,Ajuste
1212.3876671791077,104.9,100.0,0.0,Ajuste
1213.056702375412,104.9,100.0,0.0,Ajuste
1213.5614352226257,104.7,100.0,0.0,Ajuste
1214.2291913032532,104.7,100.0,0.0,Ajuste
1214.730901002884,104.7,100.0,0.0,Ajuste
1215.245777130127,104.5,100.0,0.0,Ajuste
1215.7660381793976,104.5,100.0,0.0,Ajuste
1216.2845780849457,104.4,100.0,0.0,Ajuste
1216.8067831993103,104.4,100.0,0.0,Ajuste
1217.3218402862549,104.2,100.0,0.0,Ajuste
1217.8426911830902,104.2,100.0,0.0,Ajuste
1218.358205318451,104.1,100.0,0.0,Ajuste
1218.8767762184143,104.1,100.0,0.0,Ajuste
1219.3966410160065,104.0,100.0,0.0,Ajuste
1219.9184892177582,104.0,100.0,0.0,Ajuste
1220.4308893680573,103.8,100.0,0.0,Ajuste
1220.4571430683136,103.8,100.0,0.0,Ajuste
1220.977706193924,103.8,100.0,0.0,Ajuste
1221.4896540641785,103.7,100.0,0.0,Ajuste
1222.0119621753693,103.7,100.0,0.0,Ajuste
1222.5295431613922,103.5,100.0,0.0,Ajuste
1223.0641021728516,103.5,100.0,0.0,Ajuste
1223.593679189682,103.5,100.0,0.0,Ajuste
1224.1194591522217,103.5,100.0,0.0,Ajuste
1224.643624305725,103.3,100.0,0.0,Ajuste
1225.1671562194824,103.3,100.0,0.0,Ajuste
1225.6925711631775,103.2,100.0,0.0,Ajuste
1226.2156102657318,103.2,100.0,0.0,Ajuste
1226.8079390525818,103.0,100.0,0.0,Ajuste
1227.3508172035217,103.0,100.0,0.0,Ajuste
1227.3825132846832,102.9,100.0,0.0,Ajuste
1228.0558831691742,102.9,100.0,0.0,Ajuste
1228.5731310844421,102.7,100.0,0.0,Ajuste
1229.2403392791748,102.7,100.0,0.0,Ajuste
1229.752699136734,102.7,100.0,0.0,Ajuste
1230.4164881706238,102.5,100.0,0.0,Ajuste
1230.9203672409058,102.5,100.0,0.0,Ajuste
1231.4374814033508,102.3,100.0,0.0,Ajuste
1231.9816522598267,102.3,100.0,0.0,Ajuste
1232.507993221283,102.2,100.0,0.0,Ajuste
1233.0365011692047,102.2,100.0,0.0,Ajuste
1233.5649390220642,102.1,100.0,0.0,Ajuste
1234.093685388565,102.1,100.0,0.0,Ajuste
1234.6101732254028,102.0,100.0,0.0,Ajuste
1235.132009267807,102.0,100.0,0.0,Ajuste
1235.6488540172577,101.8,100.0,0.0,Ajuste
1236.179038286209,101.8,100.0,0.0,Ajuste
1236.7009510993958,101.7,100.0,0.0,Ajuste
1237.2367231845856,101.7,100.0,0.0,Ajuste
1237.7572231292725,101.5,100.0,0.0,Ajuste
1238.2857253551483,101.5,100.0,0.0,Ajuste
1238.804127216339,101.4,100.0,0.0,Ajuste
1239.3339052200317,101.4,100.0,0.0,Ajuste
1239.8570742607117,101.3,100.0,0.0,Ajuste
1240.3877303600311,101.3,100.0,0.0,Ajuste
1240.9182131290436,101.2,100.0,0.0,Ajuste
1241.4465730190277,101.2,100.0,0.0,Ajuste
1241.4772622585297,101.0,100.0,0.0,Ajuste
1242.146359205246,101.0,100.0,0.0,Ajuste
1242.653903245926,100.9,100.0,0.0,Ajuste
1243.3302161693573,100.9,100.0,0.0,Ajuste
1243.8403651714325,100.8,100.0,0.0,Ajuste
1244.4750442504883,100.7,100.0,0.0,Ajuste
1244.9786772727966,100.7,100.0,0.0,Ajuste
1245.5191581249237,100.6,100.0,0.0,Ajuste
1246.0519542694092,100.6,100.0,0.0,Ajuste
1246.5814933776855,100.5,100.0,0.0,Ajuste
1247.1090822219849,100.5,100.0,0.0,Ajuste
1247.6409561634064,100.3,100.0,0.0,Ajuste
1248.1644961833954,100.3,100.0,0.0,Ajuste
1248.7021822929382,100.2,100.0,0.0,Ajuste
1249.2316370010376,100.2,100.0,0.0,Ajuste
1249.7687051296234,100.1,100.0,0.0,Ajuste
1250.2958483695984,100.1,100.0,0.0,Ajuste
1250.8446221351624,100.0,100.0,0.0,Ajuste
1251.4207441806793,100.0,100.0,0.0,Ajuste
1252.006239414215,99.8,100.0,0.0,Ajuste
1252.552306175232,99.8,100.0,0.0,Ajuste
1252.5852632522583,99.7,100.0,0.0,Ajuste
1253.2716152668,99.7,100.0,0.0,Ajuste
1253.7883331775665,99.6,100.0,0.0,Ajuste
1254.5187232494354,99.5,100.0,0.0,Ajuste
1255.0388610363007,99.5,100.0,0.0,Ajuste
1255.5739493370056,99.4,100.0,0.0,Ajuste
1256.1152441501617,99.4,100.0,0.0,Ajuste
1256.6636180877686,99.3,100.0,0.0,Ajuste
1257.2034571170807,99.3,100.0,0.0,Ajuste
1257.730208158493,99.2,100.0,0.0,Ajuste
1258.269189119339,99.2,100.0,0.0,Ajuste
1258.7975752353668,99.0,100.0,0.0,Ajuste
1259.3340480327606,99.0,100.0,0.0,Ajuste
1259.8557941913605,98.9,100.0,0.0,Ajuste
1260.3917322158813,98.9,100.0,0.0,Ajuste
1260.9221754074097,98.8,100.0,0.0,Ajuste
1261.4650139808655,98.8,100.0,0.0,Ajuste
1261.4965732097626,98.7,100.0,0.0,Ajuste
1262.0226211547852,98.7,100.0,0.0,Ajuste
1262.5694980621338,98.7,100.0,0.0,Ajuste
1263.1041831970215,98.6,100.0,0.0,Ajuste
1263.650113105774,98.6,100.0,0.0,Ajuste
1263.6828060150146,98.4,100.0,100.0,Ajuste
1264.363864183426,98.4,100.0,100.0,Ajuste
1264.8849802017212,98.4,100.0,100.0,Ajuste
1265.6483221054077,98.2,100.0,100.0,Ajuste
1266.3711841106415,98.2,100.0,100.0,Ajuste
1267.2980861663818,98.1,100.0,100.0,Ajuste
1267.3280742168427,98.1,100.0,100.0,Ajuste
1267.8912541866302,98.0,100.0,100.0,Ajuste
1268.44606924057,98.0,100.0,100.0,Ajuste
1268.9891872406006,97.8,100.0,100.0,Ajuste
1269.5296711921692,97.8,100.0,100.0,Ajuste
1270.0564441680908,97.7,100.0,100.0,Ajuste
1270.0828711986542,97.7,100.0,100.0,Ajuste
1270.6196401119232,97.7,100.0,100.0,Ajuste
1271.147400379181,97.6,100.0,100.0,Ajuste
1271.6834852695465,97.6,100.0,100.0,Ajuste
1272.2195262908936,97.5,100.0,100.0,Ajuste
1272.7596201896667,97.5,100.0,100.0,Ajuste
1272.7908971309662,97.4,100.0,100.0,Ajuste
1273.5390532016754,97.4,100.0,100.0,Ajuste
1274.0859150886536,97.3,100.0,100.0,Ajuste
1274.818689107895,97.3,100.0,100.0,Ajuste
1275.3306062221527,97.3,100.0,100.0,Ajuste
1275.863182067871,97.2,100.0,100.0,Ajuste
1276.399470090866,97.1,100.0,100.0,Ajuste
1276.4261193275452,97.1,100.0,100.0,Ajuste
1277.0033321380615,97.1,100.0,100.0,Ajuste
1277.5126762390137,97.1,100.0,100.0,Ajuste
1278.0451261997223,97.1,100.0,100.0,Ajuste
1278.5801901817322,97.1,100.0,100.0,Ajuste
1279.1105661392212,97.1,100.0,100.0,Ajuste
1279.6659021377563,97.1,100.0,100.0,Ajuste
1280.2080540657043,97.0,100.0,100.0,Ajuste
1280.7456092834473,97.0,100.0,100.0,Ajuste
1281.2740552425385,97.0,100.0,100.0,Ajuste
1281.8066129684448,97.0,100.0,100.0,Ajuste
1282.3420231342316,97.1,100.0,100.0,Ajuste
1282.878975391388,97.1,100.0,100.0,Ajuste
1283.4036190509796,97.0,100.0,100.0,Ajuste
1283.9395072460175,97.0,100.0,100.0,Ajuste
1284.4666800498962,97.1,100.0,100.0,Ajuste
1284.999935388565,97.1,100.0,100.0,Ajuste
1285.0308883190155,97.1,100.0,100.0,Ajuste
1285.7099010944366,97.1,100.0,100.0,Ajuste
1286.2338922023773,97.2,100.0,100.0,Ajuste
1286.9769921302795,97.3,100.0,100.0,Ajuste
1287.4970071315765,97.3,100.0,100.0,Ajuste
1288.0334692001343,97.4,100.0,100.0,Ajuste
1288.5737709999084,97.4,100.0,100.0,Ajuste
1289.1175611019135,97.5,100.0,100.0,Ajuste
1289.65980219841,97.5,100.0,100.0,Ajuste
1290.2014563083649,97.7,100.0,100.0,Ajuste
1290.7410342693329,97.7,100.0,100.0,Ajuste
1291.2763662338257,97.8,100.0,100.0,Ajuste
1291.8140892982483,97.8,100.0,100.0,Ajuste
1292.3968992233276,98.0,100.0,100.0,Ajuste
1292.9276223182678,98.0,100.0,100.0,Ajuste
1293.4584522247314,98.2,100.0,100.0,Ajuste
1293.9957633018494,98.2,100.0,100.0,Ajuste
1294.027817249298,98.4,100.0,100.0,Ajuste
1294.715965270996,98.4,100.0,100.0,Ajuste
1295.2466642856598,98.6,100.0,100.0,Ajuste
1295.9751040935516,98.9,100.0,100.0,Ajuste
1296.4985420703888,98.9,100.0,100.0,Ajuste
1297.040321111679,99.1,100.0,100.0,Ajuste
1297.5861191749573,99.1,100.0,100.0,Ajuste
1298.123910188675,99.5,100.0,100.0,Ajuste
1298.670030117035,99.5,100.0,100.0,Ajuste
1299.2076253890991,99.7,100.0,100.0,Ajuste
1299.7556610107422,99.7,100.0,100.0,Ajuste
1300.28773021698,100.1,100.0,100.0,Ajuste
1300.8282663822174,100.1,100.0,100.0,Ajuste
1301.3653659820557,100.4,100.0,100.0,Ajuste
1301.9076390266418,100.4,100.0,100.0,Ajuste
1302.4441530704498,100.7,100.0,100.0,Ajuste
1302.985639333725,100.7,100.0,100.0,Ajuste
1303.0166583061218,101.1,100.0,100.0,Ajuste
1303.7027010917664,101.1,100.0,100.0,Ajuste
1304.2354502677917,101.5,100.0,0.0,Listo
