Tiempo (s),Temperatura medida (°C),Temperatura consignada / SET (°C),Potencia calentador (%),Fase del proceso
0.0,33.4,80.0,0.0,Precalentado
0.8681230545043945,33.4,80.0,4.0,Precalentado
1.8842899799346924,33.4,80.0,8.0,Precalentado
2.909010887145996,33.4,80.0,17.0,Precalentado
3.877058982849121,33.3,80.0,40.0,Precalentado
4.89436411857605,33.4,80.0,7.0,Precalentado
5.918490171432495,33.4,80.0,29.0,Precalentado
6.935151100158691,33.3,80.0,53.0,Precalentado
7.89819598197937,33.3,80.0,43.0,Precalentado
8.918205976486206,33.3,80.0,47.0,Precalentado
9.9860680103302,33.3,80.0,52.0,Precalentado
10.960160970687866,33.2,80.0,79.0,Precalentado
11.921799898147583,33.2,80.0,65.0,Precalentado
12.99203085899353,33.3,80.0,50.0,Precalentado
13.960395097732544,33.2,80.0,92.0,Precalentado
14.986819982528687,33.2,80.0,78.0,Precalentado
16.01710796356201,33.2,80.0,82.0,Precalentado
17.04722309112549,33.2,80.0,87.0,Precalentado
18.022114992141724,33.2,80.0,91.0,Precalentado
19.048344135284424,33.2,80.0,95.0,Precalentado
20.034000158309937,33.2,80.0,100.0,Precalentado
21.063239812850952,33.2,80.0,100.0,Precalentado
22.090439081192017,33.2,80.0,100.0,Precalentado
23.070913076400757,33.2,80.0,100.0,Precalentado
24.09859824180603,33.3,80.0,98.0,Precalentado
25.124828100204468,33.3,80.0,100.0,Precalentado
26.10299324989319,33.3,80.0,100.0,Precalentado
27.132402896881104,33.4,80.0,100.0,Precalentado
28.165462970733643,33.4,80.0,100.0,Precalentado
29.198703050613403,33.5,80.0,100.0,Precalentado
30.131861925125122,33.4,80.0,100.0,Precalentado
31.15514326095581,33.5,80.0,100.0,Precalentado
32.142364263534546,33.6,80.0,100.0,Precalentado
33.2052059173584,33.6,80.0,100.0,Precalentado
34.22398114204407,33.7,80.0,100.0,Precalentado
35.1870379447937,33.7,80.0,100.0,Precalentado
36.2025101184845,33.8,80.0,100.0,Precalentado
37.22938799858093,33.9,80.0,100.0,Precalentado
38.24499821662903,34.0,80.0,100.0,Precalentado
39.21628212928772,34.1,80.0,100.0,Precalentado
40.23545503616333,34.2,80.0,100.0,Precalentado
41.252269983291626,34.3,80.0,100.0,Precalentado
42.22498822212219,34.4,80.0,100.0,Precalentado
43.238192081451416,34.5,80.0,100.0,Precalentado
44.24663805961609,34.7,80.0,100.0,Precalentado
45.274205923080444,34.8,80.0,100.0,Precalentado
46.2539279460907,34.9,80.0,100.0,Precalentado
47.28797101974487,35.1,80.0,100.0,Precalentado
48.32575798034668,35.2,80.0,100.0,Precalentado
49.304795026779175,35.4,80.0,100.0,Precalentado
50.33554983139038,35.6,80.0,100.0,Precalentado
51.36488389968872,35.7,80.0,100.0,Precalentado
52.393442153930664,35.9,80.0,100.0,Precalentado
53.320900201797485,36.1,80.0,100.0,Precalentado
54.34292817115784,36.3,80.0,100.0,Precalentado
55.37360215187073,36.5,80.0,100.0,Precalentado
56.40947413444519,36.7,80.0,100.0,Precalentado
57.436761140823364,36.9,80.0,100.0,Precalentado
58.412692070007324,37.1,80.0,100.0,Precalentado
59.44147610664368,37.4,80.0,100.0,Precalentado
60.47246503829956,37.6,80.0,100.0,Precalentado
61.44265103340149,37.8,80.0,100.0,Precalentado
62.463188886642456,38.1,80.0,100.0,Precalentado
63.43358612060547,38.3,80.0,100.0,Precalentado
64.45075821876526,38.5,80.0,100.0,Precalentado
65.41648316383362,38.8,80.0,100.0,Precalentado
66.4818480014801,39.0,80.0,100.0,Precalentado
67.4446849822998,39.3,80.0,100.0,Precalentado
68.45893406867981,39.6,80.0,100.0,Precalentado
69.47834706306458,39.9,80.0,100.0,Precalentado
70.48583006858826,40.2,80.0,100.0,Precalentado
71.50025916099548,40.5,80.0,100.0,Precalentado
72.52119302749634,40.8,80.0,100.0,Precalentado
73.54708504676819,41.1,80.0,100.0,Precalentado
74.52189898490906,41.4,80.0,100.0,Precalentado
75.56108498573303,41.7,80.0,100.0,Precalentado
76.5874650478363,42.0,80.0,100.0,Precalentado
77.56832885742188,42.3,80.0,100.0,Precalentado
78.54257893562317,42.6,80.0,100.0,Precalentado
79.56936502456665,42.9,80.0,100.0,Precalentado
80.60344910621643,43.2,80.0,100.0,Precalentado
81.62115907669067,43.6,80.0,100.0,Precalentado
82.58844423294067,43.9,80.0,100.0,Precalentado
83.61425399780273,44.3,80.0,100.0,Precalentado
84.6447160243988,44.7,80.0,100.0,Precalentado
85.62619304656982,45.0,80.0,100.0,Precalentado
86.65605401992798,45.4,80.0,100.0,Precalentado
87.67717599868774,45.7,80.0,100.0,Precalentado
88.5986020565033,46.1,80.0,100.0,Precalentado
89.6634202003479,46.5,80.0,100.0,Precalentado
90.6305022239685,47.0,80.0,100.0,Precalentado
91.6398720741272,47.3,80.0,100.0,Precalentado
92.65341687202454,47.7,80.0,100.0,Precalentado
93.71472001075745,48.2,80.0,100.0,Precalentado
94.68078684806824,48.6,80.0,100.0,Precalentado
95.69519305229187,49.0,80.0,100.0,Precalentado
96.65872097015381,49.5,80.0,95.0,Precalentado
97.67921805381775,49.9,80.0,100.0,Precalentado
98.69209122657776,50.4,80.0,89.0,Precalentado
99.75992488861084,50.8,80.0,100.0,Precalentado
100.68782806396484,51.3,80.0,84.0,Precalentado
101.71953821182251,51.8,80.0,81.0,Precalentado
102.74813413619995,52.3,80.0,78.0,Precalentado
103.71842098236084,52.7,80.0,94.0,Precalentado
104.79771709442139,53.3,80.0,53.0,Precalentado
105.77732706069946,53.7,80.0,88.0,Precalentado
106.74342513084412,54.3,80.0,47.0,Precalentado
107.8192241191864,54.8,80.0,63.0,Precalentado
108.79265213012695,55.3,80.0,60.0,Precalentado
109.83540105819702,55.8,80.0,57.0,Precalentado
110.80509114265442,56.3,80.0,54.0,Precalentado
111.82650589942932,56.9,80.0,32.0,Precalentado
112.80994415283203,57.4,80.0,47.0,Precalentado
113.78000211715698,57.9,80.0,44.0,Precalentado
114.79918003082275,58.5,80.0,22.0,Precalentado
115.87044501304626,59.0,80.0,37.0,Precalentado
116.84054803848267,59.5,80.0,34.0,Precalentado
117.8137321472168,60.1,80.0,12.0,Precalentado
118.87467503547668,60.6,80.0,28.0,Precalentado
119.85094094276428,61.1,80.0,25.0,Precalentado
120.814945936203,61.6,80.0,21.0,Precalentado
121.87885117530823,62.2,80.0,0.0,Precalentado
122.89682006835938,62.7,80.0,15.0,Precalentado
123.86239624023438,63.3,80.0,0.0,Precalentado
124.84864783287048,63.8,80.0,8.0,Precalentado
125.88873815536499,64.3,80.0,5.0,Precalentado
126.9224021434784,64.9,80.0,0.0,Precalentado
127.89688801765442,65.3,80.0,17.0,Precalentado
128.93069410324097,65.9,80.0,0.0,Precalentado
129.91740703582764,66.4,80.0,0.0,Precalentado
130.95501589775085,66.9,80.0,0.0,Precalentado
131.9372580051422,67.4,80.0,0.0,Precalentado
132.9629590511322,67.8,80.0,2.0,Precalentado
133.9390630722046,68.3,80.0,0.0,Precalentado
134.9713990688324,68.7,80.0,0.0,Precalentado
136.00365900993347,69.1,80.0,0.0,Precalentado
136.98763489723206,69.5,80.0,0.0,Precalentado
137.96565103530884,69.9,80.0,0.0,Precalentado
138.98778700828552,70.2,80.0,6.0,Precalentado
139.9573621749878,70.6,80.0,0.0,Precalentado
140.97683191299438,70.9,80.0,1.0,Precalentado
141.9976770877838,71.2,80.0,0.0,Precalentado
143.02180290222168,71.6,80.0,0.0,Precalentado
144.04652404785156,71.8,80.0,14.0,Precalentado
145.01578998565674,72.2,80.0,0.0,Precalentado
146.04044485092163,72.4,80.0,10.0,Precalentado
147.0134310722351,72.6,80.0,9.0,Precalentado
147.9923460483551,72.9,80.0,0.0,Precalentado
149.02045798301697,73.1,80.0,6.0,Precalentado
150.04322719573975,73.2,80.0,24.0,Precalentado
151.03377199172974,73.5,80.0,0.0,Precalentado
152.0779891014099,73.6,80.0,21.0,Precalentado
153.07017588615417,73.7,80.0,21.0,Precalentado
154.09955191612244,73.9,80.0,1.0,Precalentado
155.13876605033875,74.0,80.0,19.0,Precalentado
156.07169890403748,74.2,80.0,0.0,Precalentado
157.10722708702087,74.3,80.0,17.0,Precalentado
158.13468480110168,74.4,80.0,17.0,Precalentado
159.10836720466614,74.5,80.0,16.0,Precalentado
160.14300894737244,74.5,80.0,34.0,Precalentado
161.13550400733948,74.6,80.0,15.0,Precalentado
162.12055897712708,74.7,80.0,15.0,Precalentado
163.1591420173645,74.7,80.0,33.0,Precalentado
164.15240597724915,74.8,80.0,14.0,Precalentado
165.18167114257812,74.8,80.0,33.0,Precalentado
166.16125512123108,74.9,80.0,14.0,Precalentado
167.19021701812744,74.9,80.0,32.0,Precalentado
168.16547107696533,74.9,80.0,32.0,Precalentado
169.1502251625061,74.9,80.0,32.0,Precalentado
170.18004393577576,75.0,80.0,13.0,Precalentado
171.2123520374298,75.0,80.0,31.0,Precalentado
172.24108004570007,75.0,80.0,31.0,Precalentado
173.21959590911865,75.0,80.0,31.0,Precalentado
174.24660992622375,75.0,80.0,31.0,Precalentado
175.219379901886,75.1,80.0,13.0,Precalentado
176.25855898857117,75.1,80.0,31.0,Precalentado
177.2439579963684,75.0,80.0,50.0,Precalentado
178.28743505477905,75.1,80.0,13.0,Precalentado
179.22863101959229,75.0,80.0,50.0,Precalentado
180.26395392417908,75.0,80.0,32.0,Precalentado
181.29651808738708,75.1,80.0,13.0,Precalentado
182.28005027770996,75.1,80.0,31.0,Precalentado
183.3092610836029,75.1,80.0,31.0,Precalentado
184.29695987701416,75.1,80.0,31.0,Precalentado
185.29266619682312,75.0,80.0,50.0,Precalentado
186.2779459953308,75.0,80.0,32.0,Precalentado
187.3070089817047,75.0,80.0,32.0,Precalentado
188.33792519569397,75.0,80.0,32.0,Precalentado
189.3196668624878,75.0,80.0,32.0,Precalentado
190.3675398826599,75.0,80.0,32.0,Precalentado
191.3042049407959,75.0,80.0,32.0,Precalentado
192.3303439617157,75.0,80.0,32.0,Precalentado
193.35882902145386,75.0,80.0,32.0,Precalentado
194.33409094810486,75.0,80.0,32.0,Precalentado
195.32024598121643,75.0,80.0,32.0,Precalentado
196.40395212173462,75.0,80.0,32.0,Precalentado
197.3292360305786,75.0,80.0,32.0,Precalentado
198.4697620868683,75.0,80.0,32.0,Precalentado
199.50513100624084,75.0,80.0,32.0,Precalentado
200.48171210289001,75.0,80.0,32.0,Precalentado
201.47739911079407,75.0,80.0,32.0,Precalentado
202.45253705978394,75.0,80.0,32.0,Precalentado
203.4871699810028,75.0,80.0,32.0,Precalentado
204.51916408538818,75.1,80.0,13.0,Precalentado
205.50073218345642,75.1,80.0,31.0,Precalentado
206.47906804084778,75.1,80.0,31.0,Precalentado
207.51155400276184,75.1,80.0,31.0,Precalentado
208.50902819633484,75.2,80.0,12.0,Precalentado
209.4458429813385,75.2,80.0,31.0,Precalentado
210.49182510375977,75.1,80.0,50.0,Precalentado
211.535973072052,75.2,80.0,13.0,Precalentado
212.4707329273224,75.2,80.0,31.0,Precalentado
213.49581003189087,75.2,80.0,31.0,Precalentado
214.53965306282043,75.2,80.0,31.0,Precalentado
215.52996802330017,75.2,80.0,31.0,Precalentado
216.46848607063293,75.2,80.0,31.0,Precalentado
217.50119018554688,75.2,80.0,31.0,Precalentado
218.53324699401855,75.2,80.0,31.0,Precalentado
219.55704498291016,75.2,80.0,31.0,Precalentado
220.53433895111084,75.3,80.0,12.0,Precalentado
221.56155014038086,75.3,80.0,30.0,Precalentado
222.5392141342163,75.3,80.0,30.0,Precalentado
223.56997919082642,75.3,80.0,30.0,Precalentado
224.59431195259094,75.2,80.0,49.0,Precalentado
225.5804238319397,75.3,80.0,30.0,Precalentado
226.60825490951538,75.4,80.0,12.0,Precalentado
227.58619213104248,75.4,80.0,30.0,Precalentado
228.6090919971466,75.4,80.0,30.0,Precalentado
229.5828778743744,75.4,80.0,30.0,Precalentado
230.56466007232666,75.4,80.0,30.0,Precalentado
231.59216213226318,75.4,80.0,30.0,Precalentado
232.6289038658142,75.4,80.0,30.0,Precalentado
233.66773200035095,75.5,80.0,11.0,Precalentado
234.6549050807953,75.5,80.0,29.0,Precalentado
235.64364409446716,75.5,80.0,29.0,Precalentado
236.6377739906311,75.5,80.0,29.0,Precalentado
237.67855620384216,75.5,80.0,29.0,Precalentado
238.66202592849731,75.5,80.0,29.0,Precalentado
239.6987340450287,75.6,80.0,10.0,Precalentado
240.69348096847534,75.5,80.0,48.0,Precalentado
241.68664288520813,75.5,80.0,29.0,Precalentado
242.67855620384216,75.5,80.0,29.0,Precalentado
243.70596408843994,75.6,80.0,10.0,Precalentado
244.6878490447998,75.6,80.0,29.0,Precalentado
245.7176570892334,75.6,80.0,29.0,Precalentado
246.69807887077332,75.6,80.0,29.0,Precalentado
247.68058109283447,75.6,80.0,29.0,Precalentado
248.7122039794922,75.6,80.0,29.0,Precalentado
249.7438530921936,75.6,80.0,29.0,Precalentado
250.7188320159912,75.6,80.0,29.0,Precalentado
251.74415111541748,75.6,80.0,29.0,Precalentado
252.77922701835632,75.6,80.0,29.0,Precalentado
253.75960493087769,75.6,80.0,29.0,Precalentado
254.73944807052612,75.6,80.0,29.0,Precalentado
255.77354311943054,75.6,80.0,29.0,Precalentado
256.804368019104,75.7,80.0,10.0,Precalentado
257.83385610580444,75.7,80.0,28.0,Precalentado
258.7712299823761,75.6,80.0,47.0,Precalentado
259.8084819316864,75.7,80.0,10.0,Precalentado
260.84627294540405,75.6,80.0,47.0,Precalentado
261.8292510509491,75.7,80.0,10.0,Precalentado
262.8624861240387,75.7,80.0,28.0,Precalentado
263.8446729183197,75.7,80.0,28.0,Precalentado
264.8392131328583,75.7,80.0,28.0,Precalentado
265.88431787490845,75.7,80.0,28.0,Precalentado
266.87612318992615,75.8,80.0,10.0,Precalentado
267.8756070137024,75.7,80.0,47.0,Precalentado
268.86584210395813,75.8,80.0,10.0,Precalentado
269.91500902175903,75.8,80.0,28.0,Precalentado
270.9056670665741,75.8,80.0,28.0,Precalentado
271.893315076828,75.9,80.0,9.0,Precalentado
272.92037200927734,75.9,80.0,27.0,Precalentado
273.95410108566284,75.9,80.0,27.0,Precalentado
274.932058095932,75.9,80.0,27.0,Precalentado
275.91242003440857,75.9,80.0,27.0,Precalentado
276.9352300167084,75.9,80.0,27.0,Precalentado
277.7240581512451,76.0,80.0,8.0,Estabilizando
278.02856492996216,76.0,80.0,8.0,Estabilizando
279.01749300956726,76.0,80.0,27.0,Estabilizando
279.95345306396484,76.0,80.0,27.0,Estabilizando
281.04980087280273,76.0,80.0,27.0,Estabilizando
281.98597598075867,76.0,80.0,27.0,Estabilizando
283.0338318347931,76.0,80.0,27.0,Estabilizando
284.02406191825867,76.1,80.0,8.0,Estabilizando
285.0688970088959,76.0,80.0,45.0,Estabilizando
286.0070540904999,76.0,80.0,27.0,Estabilizando
287.04687905311584,76.0,80.0,27.0,Estabilizando
288.0870609283447,76.0,80.0,27.0,Estabilizando
289.0361590385437,76.1,80.0,8.0,Estabilizando
290.08759117126465,76.1,80.0,26.0,Estabilizando
291.08192896842957,76.1,80.0,26.0,Estabilizando
292.11603713035583,76.1,80.0,26.0,Estabilizando
293.11662006378174,76.1,80.0,26.0,Estabilizando
294.0608470439911,76.1,80.0,26.0,Estabilizando
295.10623002052307,76.2,80.0,7.0,Estabilizando
296.1463279724121,76.2,80.0,26.0,Estabilizando
297.1389482021332,76.1,80.0,45.0,Estabilizando
298.12058115005493,76.2,80.0,7.0,Estabilizando
299.1612620353699,76.1,80.0,45.0,Estabilizando
300.14726090431213,76.2,80.0,7.0,Estabilizando
301.2863800525665,76.1,80.0,45.0,Estabilizando
302.1211919784546,76.1,80.0,26.0,Estabilizando
303.20290899276733,76.1,80.0,26.0,Estabilizando
304.1385450363159,76.1,80.0,26.0,Estabilizando
305.23098587989807,76.1,80.0,26.0,Estabilizando
306.1702489852905,76.1,80.0,26.0,Estabilizando
307.220379114151,76.1,80.0,26.0,Estabilizando
308.21459913253784,76.1,80.0,26.0,Estabilizando
308.6994240283966,76.1,100.0,26.0,Rampa 1
309.1807360649109,76.1,100.0,26.0,Rampa 1
310.2237060070038,76.1,100.0,7.0,Rampa 1
311.2235059738159,76.1,100.0,11.0,Rampa 1
312.26483511924744,76.0,100.0,34.0,Rampa 1
313.24027395248413,76.1,100.0,1.0,Rampa 1
314.2478771209717,76.1,100.0,24.0,Rampa 1
315.29499793052673,76.1,100.0,28.0,Rampa 1
316.284912109375,76.1,100.0,32.0,Rampa 1
317.2769510746002,76.1,100.0,37.0,Rampa 1
318.3247239589691,76.1,100.0,41.0,Rampa 1
319.36902713775635,76.1,100.0,45.0,Rampa 1
320.3119270801544,76.1,100.0,49.0,Rampa 1
321.3644189834595,76.1,100.0,54.0,Rampa 1
322.3039951324463,76.1,100.0,58.0,Rampa 1
323.34233021736145,76.1,100.0,62.0,Rampa 1
324.3891201019287,76.1,100.0,67.0,Rampa 1
325.37880301475525,76.1,100.0,71.0,Rampa 1
326.366895198822,76.1,100.0,75.0,Rampa 1
327.40027379989624,76.0,100.0,98.0,Rampa 1
328.4033000469208,76.0,100.0,84.0,Rampa 1
329.3943381309509,76.0,100.0,89.0,Rampa 1
330.4244122505188,76.0,100.0,93.0,Rampa 1
331.41042304039,75.9,100.0,100.0,Rampa 1
332.49879693984985,75.9,100.0,100.0,Rampa 1
333.3942379951477,75.9,100.0,100.0,Rampa 1
334.43731713294983,75.9,100.0,100.0,Rampa 1
335.4277911186218,76.0,100.0,100.0,Rampa 1
336.470822095871,76.0,100.0,100.0,Rampa 1
337.4639799594879,76.0,100.0,100.0,Rampa 1
338.44770193099976,76.0,100.0,100.0,Rampa 1
339.4912359714508,76.1,100.0,100.0,Rampa 1
340.51155710220337,76.1,100.0,100.0,Rampa 1
341.5117220878601,76.2,100.0,100.0,Rampa 1
342.4817781448364,76.2,100.0,100.0,Rampa 1
343.5244970321655,76.4,100.0,100.0,Rampa 1
344.54594826698303,76.4,100.0,100.0,Rampa 1
345.49755907058716,76.6,100.0,100.0,Rampa 1
346.54225993156433,76.7,100.0,100.0,Rampa 1
347.56662011146545,76.8,100.0,100.0,Rampa 1
348.60103487968445,77.0,100.0,100.0,Rampa 1
349.56701588630676,77.1,100.0,100.0,Rampa 1
350.62135004997253,77.3,100.0,100.0,Rampa 1
351.5742042064667,77.5,100.0,100.0,Rampa 1
352.5722281932831,77.7,100.0,100.0,Rampa 1
353.6261010169983,77.8,100.0,100.0,Rampa 1
354.5913760662079,78.1,100.0,81.0,Rampa 1
355.63836097717285,78.3,100.0,98.0,Rampa 1
356.59925389289856,78.5,100.0,97.0,Rampa 1
357.6392459869385,78.8,100.0,77.0,Rampa 1
358.63860297203064,79.0,100.0,94.0,Rampa 1
359.6315231323242,79.3,100.0,74.0,Rampa 1
360.6145248413086,79.8,100.0,89.0,Rampa 1
361.60806918144226,79.9,100.0,100.0,Rampa 1
362.6481819152832,80.2,100.0,68.0,Rampa 1
363.63998103141785,80.6,100.0,48.0,Rampa 1
364.69561290740967,80.9,100.0,64.0,Rampa 1
365.6452920436859,81.3,100.0,43.0,Rampa 1
366.6614398956299,81.7,100.0,41.0,Rampa 1
367.71403908729553,82.1,100.0,38.0,Rampa 1
368.70834708213806,82.5,100.0,36.0,Rampa 1
369.7200839519501,83.0,100.0,15.0,Rampa 1
370.7288429737091,83.3,100.0,49.0,Rampa 1
371.7290029525757,83.8,100.0,10.0,Rampa 1
372.77350187301636,84.2,100.0,26.0,Rampa 1
373.75805592536926,84.7,100.0,4.0,Rampa 1
374.7701690196991,85.2,100.0,1.0,Rampa 1
375.72172594070435,85.6,100.0,17.0,Rampa 1
376.76424288749695,86.2,100.0,0.0,Rampa 1
377.79900217056274,86.6,100.0,11.0,Rampa 1
378.7914659976959,87.0,100.0,9.0,Rampa 1
379.79531502723694,87.5,100.0,0.0,Rampa 1
380.78261613845825,88.0,100.0,0.0,Rampa 1
381.8971610069275,88.9,100.0,0.0,Rampa 1
382.8320188522339,89.0,100.0,51.0,Rampa 1
383.7654049396515,89.4,100.0,0.0,Rampa 1
384.8152289390564,89.8,100.0,0.0,Rampa 1
385.80251908302307,90.2,100.0,0.0,Rampa 1
386.8640491962433,90.6,100.0,0.0,Rampa 1
387.8247580528259,91.0,100.0,0.0,Rampa 1
388.844731092453,91.3,100.0,1.0,Rampa 1
389.80301904678345,91.7,100.0,0.0,Rampa 1
390.84484815597534,92.0,100.0,0.0,Rampa 1
391.8817231655121,92.4,100.0,0.0,Rampa 1
392.8447279930115,92.6,100.0,11.0,Rampa 1
393.8825719356537,92.9,100.0,0.0,Rampa 1
394.88009905815125,93.2,100.0,0.0,Rampa 1
395.8374819755554,93.5,100.0,0.0,Rampa 1
396.8676710128784,93.7,100.0,4.0,Rampa 1
397.85663890838623,94.0,100.0,0.0,Rampa 1
398.89326095581055,94.2,100.0,1.0,Rampa 1
399.8914098739624,94.4,100.0,0.0,Rampa 1
400.9354901313782,94.5,100.0,18.0,Rampa 1
401.9364421367645,94.7,100.0,0.0,Rampa 1
402.9058120250702,94.9,100.0,0.0,Rampa 1
403.8832519054413,95.0,100.0,15.0,Rampa 1
404.92914605140686,95.1,100.0,14.0,Rampa 1
405.90447306632996,95.2,100.0,13.0,Rampa 1
406.93787002563477,95.4,100.0,0.0,Rampa 1
407.9680349826813,95.5,100.0,12.0,Rampa 1
408.9204761981964,95.6,100.0,11.0,Rampa 1
409.95655488967896,95.7,100.0,10.0,Rampa 1
410.9362599849701,95.8,100.0,10.0,Rampa 1
411.979257106781,95.8,100.0,28.0,Rampa 1
412.93489813804626,95.9,100.0,9.0,Rampa 1
413.11258912086487,96.0,100.0,9.0,Meseta 1
414.0055480003357,96.0,100.0,9.0,Meseta 1
415.03003215789795,96.0,100.0,27.0,Meseta 1
415.9885392189026,96.0,100.0,27.0,Meseta 1
417.0980260372162,96.0,100.0,27.0,Meseta 1
418.1173629760742,96.0,100.0,27.0,Meseta 1
419.07778882980347,96.0,100.0,27.0,Meseta 1
420.0937840938568,96.0,100.0,27.0,Meseta 1
421.1562991142273,96.0,100.0,27.0,Meseta 1
422.12487602233887,95.9,100.0,46.0,Meseta 1
423.08450293540955,95.9,100.0,28.0,Meseta 1
424.13864302635193,95.8,100.0,46.0,Meseta 1
425.13845801353455,95.8,100.0,28.0,Meseta 1
426.0811331272125,95.8,100.0,28.0,Meseta 1
427.1388101577759,95.7,100.0,47.0,Meseta 1
428.11227893829346,95.7,100.0,29.0,Meseta 1
429.10915303230286,95.6,100.0,48.0,Meseta 1
430.1308250427246,95.6,100.0,29.0,Meseta 1
431.12290501594543,95.6,100.0,29.0,Meseta 1
432.13520789146423,95.5,100.0,48.0,Meseta 1
433.0881679058075,95.5,100.0,30.0,Meseta 1
434.1010081768036,95.5,100.0,30.0,Meseta 1
435.11874198913574,95.5,100.0,30.0,Meseta 1
436.13125014305115,95.5,100.0,30.0,Meseta 1
437.14032316207886,95.5,100.0,30.0,Meseta 1
438.2012560367584,95.4,100.0,49.0,Meseta 1
439.21751594543457,95.4,100.0,31.0,Meseta 1
440.17208909988403,95.5,100.0,12.0,Meseta 1
441.22066617012024,95.5,100.0,30.0,Meseta 1
442.20667004585266,95.5,100.0,30.0,Meseta 1
443.22100710868835,95.5,100.0,30.0,Meseta 1
443.2659161090851,95.5,110.0,30.0,Rampa 2
444.20300006866455,95.5,110.0,7.0,Rampa 2
445.24783515930176,95.5,110.0,11.0,Rampa 2
446.1971080303192,95.5,110.0,15.0,Rampa 2
447.2412099838257,95.5,110.0,20.0,Rampa 2
448.2394208908081,95.6,110.0,5.0,Rampa 2
449.26322412490845,95.6,110.0,28.0,Rampa 2
450.27317094802856,95.6,110.0,32.0,Rampa 2
451.27809882164,95.6,110.0,36.0,Rampa 2
452.2758798599243,95.6,110.0,40.0,Rampa 2
453.2813169956207,95.6,110.0,45.0,Rampa 2
454.23932790756226,95.7,110.0,30.0,Rampa 2
455.2637300491333,95.7,110.0,53.0,Rampa 2
456.3174741268158,95.7,110.0,57.0,Rampa 2
457.27443289756775,95.7,110.0,61.0,Rampa 2
458.3228940963745,95.8,110.0,46.0,Rampa 2
459.33785009384155,95.8,110.0,69.0,Rampa 2
460.298043012619,95.8,110.0,73.0,Rampa 2
461.3188750743866,95.9,110.0,59.0,Rampa 2
462.385272026062,95.8,110.0,100.0,Rampa 2
463.3504250049591,95.9,110.0,67.0,Rampa 2
464.36962819099426,95.8,110.0,100.0,Rampa 2
465.3822240829468,95.9,110.0,70.0,Rampa 2
466.38289308547974,95.9,110.0,89.0,Rampa 2
467.3950951099396,95.9,110.0,89.0,Rampa 2
468.40044498443604,95.9,110.0,89.0,Rampa 2
469.4495360851288,95.9,110.0,89.0,Rampa 2
470.39686703681946,96.0,110.0,70.0,Rampa 2
471.4426691532135,96.0,110.0,88.0,Rampa 2
472.3959491252899,96.0,110.0,88.0,Rampa 2
473.41219210624695,96.0,110.0,88.0,Rampa 2
474.4300231933594,96.1,110.0,69.0,Rampa 2
475.4639222621918,96.1,110.0,87.0,Rampa 2
476.4230661392212,96.2,110.0,68.0,Rampa 2
477.45531392097473,96.3,110.0,68.0,Rampa 2
478.47076296806335,96.3,110.0,86.0,Rampa 2
479.46779894828796,96.5,110.0,48.0,Rampa 2
480.46873021125793,96.6,110.0,66.0,Rampa 2
481.527948141098,96.8,110.0,46.0,Rampa 2
482.4862289428711,96.9,110.0,64.0,Rampa 2
483.4954311847687,97.1,110.0,45.0,Rampa 2
484.48443603515625,97.3,110.0,43.0,Rampa 2
485.5247449874878,97.5,110.0,42.0,Rampa 2
486.52393913269043,97.7,110.0,41.0,Rampa 2
487.54688787460327,98.0,110.0,21.0,Rampa 2
488.534539937973,98.2,110.0,38.0,Rampa 2
489.53982520103455,98.4,110.0,37.0,Rampa 2
490.5952172279358,98.7,110.0,17.0,Rampa 2
491.57593607902527,98.9,110.0,52.0,Rampa 2
492.57838702201843,99.1,110.0,32.0,Rampa 2
493.55343794822693,99.4,110.0,12.0,Rampa 2
494.5773000717163,99.6,110.0,29.0,Rampa 2
495.57535099983215,99.8,110.0,28.0,Rampa 2
496.5768141746521,100.1,110.0,8.0,Rampa 2
497.61240696907043,100.4,110.0,6.0,Rampa 2
498.59279799461365,100.7,110.0,4.0,Rampa 2
499.61349081993103,100.9,110.0,21.0,Rampa 2
500.5952079296112,101.1,110.0,20.0,Rampa 2
501.61779499053955,101.4,110.0,0.0,Rampa 2
502.60482001304626,101.6,110.0,17.0,Rampa 2
503.6563582420349,101.8,110.0,16.0,Rampa 2
504.6647391319275,102.0,110.0,15.0,Rampa 2
505.6105091571808,102.2,110.0,13.0,Rampa 2
506.67439317703247,102.4,110.0,12.0,Rampa 2
507.69230699539185,102.5,110.0,30.0,Rampa 2
508.6650891304016,102.8,110.0,0.0,Rampa 2
509.7310152053833,103.0,110.0,9.0,Rampa 2
510.688236951828,103.2,110.0,7.0,Rampa 2
511.70338702201843,103.4,110.0,6.0,Rampa 2
512.7389390468597,103.6,110.0,5.0,Rampa 2
513.7362959384918,103.7,110.0,23.0,Rampa 2
514.7218449115753,103.8,110.0,22.0,Rampa 2
515.761360168457,104.0,110.0,3.0,Rampa 2
516.7296071052551,104.2,110.0,1.0,Rampa 2
517.7558169364929,104.3,110.0,19.0,Rampa 2
518.7394781112671,104.5,110.0,0.0,Rampa 2
519.7621071338654,104.7,110.0,0.0,Rampa 2
520.7777268886566,104.8,110.0,16.0,Rampa 2
521.7638840675354,104.9,110.0,15.0,Rampa 2
522.7738330364227,105.0,110.0,15.0,Rampa 2
523.8028950691223,105.1,110.0,14.0,Rampa 2
524.8242611885071,105.2,110.0,13.0,Rampa 2
525.8601331710815,105.2,110.0,32.0,Rampa 2
526.8388640880585,105.3,110.0,13.0,Rampa 2
527.8405110836029,105.4,110.0,12.0,Rampa 2
528.8970491886139,105.4,110.0,31.0,Rampa 2
529.9049100875854,105.5,110.0,12.0,Rampa 2
530.8574211597443,105.5,110.0,30.0,Rampa 2
531.9132459163666,105.5,110.0,30.0,Rampa 2
532.9259519577026,105.5,110.0,30.0,Rampa 2
533.9346890449524,105.5,110.0,30.0,Rampa 2
534.9472901821136,105.6,110.0,11.0,Rampa 2
535.9550521373749,105.6,110.0,29.0,Rampa 2
536.9209079742432,105.6,110.0,29.0,Rampa 2
537.9906811714172,105.6,110.0,29.0,Rampa 2
539.1132872104645,105.6,110.0,29.0,Rampa 2
540.0200498104095,105.6,110.0,29.0,Rampa 2
540.9857439994812,105.6,110.0,29.0,Rampa 2
542.0086500644684,105.6,110.0,29.0,Rampa 2
543.0274529457092,105.5,110.0,48.0,Rampa 2
544.041937828064,105.5,110.0,30.0,Rampa 2
545.0171041488647,105.4,110.0,49.0,Rampa 2
546.0340259075165,105.4,110.0,31.0,Rampa 2
547.0481069087982,105.4,110.0,31.0,Rampa 2
548.0654089450836,105.4,110.0,31.0,Rampa 2
549.1347651481628,105.4,110.0,31.0,Rampa 2
550.0976922512054,105.4,110.0,31.0,Rampa 2
551.0645160675049,105.3,110.0,49.0,Rampa 2
552.077024936676,105.3,110.0,31.0,Rampa 2
553.1365029811859,105.3,110.0,31.0,Rampa 2
554.1430809497833,105.3,110.0,31.0,Rampa 2
555.0931630134583,105.3,110.0,31.0,Rampa 2
556.1603891849518,105.4,110.0,12.0,Rampa 2
557.115229845047,105.4,110.0,31.0,Rampa 2
558.1738059520721,105.3,110.0,49.0,Rampa 2
559.181941986084,105.3,110.0,31.0,Rampa 2
560.1955168247223,105.2,110.0,50.0,Rampa 2
561.174898147583,105.2,110.0,32.0,Rampa 2
562.1788449287415,105.2,110.0,32.0,Rampa 2
563.2371308803558,105.2,110.0,32.0,Rampa 2
564.2494020462036,105.2,110.0,32.0,Rampa 2
565.2683000564575,105.2,110.0,32.0,Rampa 2
566.2367339134216,105.2,110.0,32.0,Rampa 2
567.3055789470673,105.2,110.0,32.0,Rampa 2
568.2724740505219,105.3,110.0,13.0,Rampa 2
569.2890019416809,105.3,110.0,31.0,Rampa 2
570.3026640415192,105.3,110.0,31.0,Rampa 2
571.2732400894165,105.3,110.0,31.0,Rampa 2
572.3389859199524,105.3,110.0,31.0,Rampa 2
573.3068499565125,105.4,110.0,12.0,Rampa 2
574.4795708656311,105.4,110.0,31.0,Rampa 2
575.3422360420227,105.4,110.0,31.0,Rampa 2
576.4092800617218,105.4,110.0,31.0,Rampa 2
577.3740122318268,105.4,110.0,31.0,Rampa 2
578.3498101234436,105.5,110.0,12.0,Rampa 2
579.417848110199,105.5,110.0,30.0,Rampa 2
580.3849918842316,105.4,110.0,49.0,Rampa 2
581.4372742176056,105.5,110.0,12.0,Rampa 2
582.3918871879578,105.4,110.0,49.0,Rampa 2
583.4473509788513,105.4,110.0,31.0,Rampa 2
584.4510929584503,105.4,110.0,31.0,Rampa 2
585.4067759513855,105.4,110.0,31.0,Rampa 2
586.4713971614838,105.4,110.0,31.0,Rampa 2
587.4967951774597,105.4,110.0,31.0,Rampa 2
588.4582221508026,105.4,110.0,31.0,Rampa 2
589.5152471065521,105.5,110.0,12.0,Rampa 2
590.5187168121338,105.5,110.0,30.0,Rampa 2
591.5220279693604,105.5,110.0,30.0,Rampa 2
592.5272450447083,105.5,110.0,30.0,Rampa 2
593.540943145752,105.5,110.0,30.0,Rampa 2
594.5170209407806,105.5,110.0,30.0,Rampa 2
595.5825479030609,105.5,110.0,30.0,Rampa 2
596.5547981262207,105.5,110.0,30.0,Rampa 2
597.5918920040131,105.5,110.0,30.0,Rampa 2
598.552992105484,105.5,110.0,30.0,Rampa 2
599.6082611083984,105.6,110.0,11.0,Rampa 2
600.6252191066742,105.6,110.0,29.0,Rampa 2
601.5918509960175,105.6,110.0,29.0,Rampa 2
602.6573848724365,105.6,110.0,29.0,Rampa 2
603.6788558959961,105.6,110.0,29.0,Rampa 2
604.6464939117432,105.7,110.0,10.0,Rampa 2
605.6818449497223,105.7,110.0,29.0,Rampa 2
606.6490669250488,105.7,110.0,29.0,Rampa 2
607.6645460128784,105.7,110.0,29.0,Rampa 2
608.6840219497681,105.8,110.0,10.0,Rampa 2
609.7336740493774,105.8,110.0,28.0,Rampa 2
610.699156999588,105.9,110.0,9.0,Rampa 2
611.7110471725464,105.9,110.0,28.0,Rampa 2
612.7264518737793,105.9,110.0,28.0,Rampa 2
613.7330219745636,105.9,110.0,28.0,Rampa 2
614.7382309436798,105.9,110.0,28.0,Rampa 2
615.7455670833588,105.9,110.0,28.0,Rampa 2
616.7554550170898,105.9,110.0,28.0,Rampa 2
616.9956700801849,106.0,110.0,9.0,Meseta 2
617.7715580463409,106.0,110.0,9.0,Meseta 2
618.8301610946655,106.0,110.0,27.0,Meseta 2
619.8407080173492,106.0,110.0,27.0,Meseta 2
620.7981569766998,106.0,110.0,27.0,Meseta 2
621.8064320087433,105.9,110.0,46.0,Meseta 2
622.783536195755,105.9,110.0,28.0,Meseta 2
623.7986841201782,105.9,110.0,28.0,Meseta 2
624.8641011714935,105.9,110.0,28.0,Meseta 2
625.871365070343,105.8,110.0,46.0,Meseta 2
626.8945322036743,105.8,110.0,28.0,Meseta 2
627.907292842865,105.8,110.0,28.0,Meseta 2
628.8744461536407,105.7,110.0,47.0,Meseta 2
629.9226450920105,105.7,110.0,29.0,Meseta 2
630.9423410892487,105.7,110.0,29.0,Meseta 2
631.9119689464569,105.7,110.0,29.0,Meseta 2
632.9773139953613,105.7,110.0,29.0,Meseta 2
633.9955801963806,105.6,110.0,48.0,Meseta 2
634.9433741569519,105.6,110.0,29.0,Meseta 2
635.9572279453278,105.5,110.0,48.0,Meseta 2
637.0251500606537,105.5,110.0,30.0,Meseta 2
637.9921231269836,105.5,110.0,30.0,Meseta 2
638.9569730758667,105.5,110.0,30.0,Meseta 2
639.9696929454803,105.5,110.0,30.0,Meseta 2
641.0365130901337,105.5,110.0,30.0,Meseta 2
642.0558938980103,105.5,110.0,30.0,Meseta 2
643.0740370750427,105.5,110.0,30.0,Meseta 2
644.0287759304047,105.5,110.0,30.0,Meseta 2
645.085991859436,105.5,110.0,30.0,Meseta 2
646.0462331771851,105.5,110.0,30.0,Meseta 2
647.0580101013184,105.5,110.0,30.0,Meseta 2
648.0729269981384,105.5,110.0,30.0,Meseta 2
649.0858709812164,105.5,110.0,30.0,Meseta 2
650.1483011245728,105.6,110.0,11.0,Meseta 2
651.1631889343262,105.6,110.0,29.0,Meseta 2
652.1232440471649,105.6,110.0,29.0,Meseta 2
653.1323912143707,105.6,110.0,29.0,Meseta 2
654.1473321914673,105.6,110.0,29.0,Meseta 2
655.1596310138702,105.6,110.0,29.0,Meseta 2
656.1865270137787,105.6,110.0,29.0,Meseta 2
657.1588370800018,105.6,110.0,29.0,Meseta 2
658.2338790893555,105.6,110.0,29.0,Meseta 2
659.2014079093933,105.6,110.0,29.0,Meseta 2
660.1884889602661,105.6,110.0,29.0,Meseta 2
661.2071030139923,105.5,110.0,48.0,Meseta 2
662.2263610363007,105.6,110.0,11.0,Meseta 2
663.2475271224976,105.5,110.0,48.0,Meseta 2
664.2691650390625,105.5,110.0,30.0,Meseta 2
665.2403559684753,105.6,110.0,11.0,Meseta 2
666.3130259513855,105.5,110.0,48.0,Meseta 2
667.336767911911,105.5,110.0,30.0,Meseta 2
668.3615260124207,105.5,110.0,30.0,Meseta 2
669.2858030796051,105.5,110.0,30.0,Meseta 2
670.3012130260468,105.5,110.0,30.0,Meseta 2
671.3701062202454,105.5,110.0,30.0,Meseta 2
672.33939909935,105.5,110.0,30.0,Meseta 2
673.3507251739502,105.5,110.0,30.0,Meseta 2
674.4112200737,105.5,110.0,30.0,Meseta 2
675.3727171421051,105.5,110.0,30.0,Meseta 2
676.3823001384735,105.5,110.0,30.0,Meseta 2
677.3912072181702,105.5,110.0,30.0,Meseta 2
677.6339290142059,105.5,120.0,30.0,Rampa 3
678.3825159072876,105.5,120.0,30.0,Rampa 3
679.4432470798492,105.5,120.0,7.0,Rampa 3
680.4043650627136,105.4,120.0,30.0,Rampa 3
681.4648361206055,105.4,120.0,16.0,Rampa 3
682.479444026947,105.5,120.0,1.0,Rampa 3
683.4441750049591,105.5,120.0,24.0,Rampa 3
684.46036195755,105.5,120.0,28.0,Rampa 3
685.4782321453094,105.4,120.0,51.0,Rampa 3
686.5047521591187,105.5,120.0,18.0,Rampa 3
687.4745469093323,105.5,120.0,41.0,Rampa 3
688.4971849918365,105.4,120.0,64.0,Rampa 3
689.5703868865967,105.5,120.0,31.0,Rampa 3
690.5552802085876,105.5,120.0,54.0,Rampa 3
691.5280020236969,105.4,120.0,77.0,Rampa 3
692.5735218524933,105.4,120.0,63.0,Rampa 3
693.5445990562439,105.4,120.0,67.0,Rampa 3
694.5630369186401,105.4,120.0,71.0,Rampa 3
695.5878551006317,105.3,120.0,95.0,Rampa 3
696.6135470867157,105.3,120.0,81.0,Rampa 3
697.6349802017212,105.3,120.0,85.0,Rampa 3
698.609836101532,105.2,120.0,100.0,Rampa 3
699.6803870201111,105.3,120.0,74.0,Rampa 3
700.6621720790863,105.3,120.0,92.0,Rampa 3
701.6259388923645,105.3,120.0,92.0,Rampa 3
702.6379141807556,105.4,120.0,73.0,Rampa 3
703.7012600898743,105.4,120.0,92.0,Rampa 3
704.71364402771,105.5,120.0,73.0,Rampa 3
705.7267582416534,105.5,120.0,91.0,Rampa 3
706.7416200637817,105.6,120.0,72.0,Rampa 3
707.7057840824127,105.7,120.0,71.0,Rampa 3
708.6892039775848,105.7,120.0,90.0,Rampa 3
709.7498600482941,105.8,120.0,71.0,Rampa 3
710.747496843338,105.9,120.0,70.0,Rampa 3
711.7596862316132,106.0,120.0,70.0,Rampa 3
712.76220703125,106.1,120.0,69.0,Rampa 3
713.8062899112701,106.2,120.0,68.0,Rampa 3
714.8068211078644,106.3,120.0,68.0,Rampa 3
715.7644331455231,106.5,120.0,48.0,Rampa 3
716.8307900428772,106.7,120.0,47.0,Rampa 3
717.8529179096222,106.8,120.0,65.0,Rampa 3
718.8628101348877,107.0,120.0,45.0,Rampa 3
719.8666291236877,107.1,120.0,63.0,Rampa 3
720.8635950088501,107.3,120.0,43.0,Rampa 3
721.873615026474,107.5,120.0,42.0,Rampa 3
722.8993399143219,107.7,120.0,41.0,Rampa 3
723.8728849887848,107.9,120.0,40.0,Rampa 3
724.8796939849854,108.1,120.0,38.0,Rampa 3
725.9315371513367,108.3,120.0,37.0,Rampa 3
726.8968391418457,108.5,120.0,36.0,Rampa 3
727.9178969860077,108.8,120.0,16.0,Rampa 3
728.9624540805817,109.1,120.0,14.0,Rampa 3
729.9557430744171,109.3,120.0,31.0,Rampa 3
730.9596509933472,109.6,120.0,11.0,Rampa 3
731.9463531970978,109.9,120.0,9.0,Rampa 3
732.9635272026062,110.2,120.0,7.0,Rampa 3
734.0026428699493,110.5,120.0,6.0,Rampa 3
735.0126991271973,110.7,120.0,23.0,Rampa 3
735.9984021186829,111.0,120.0,3.0,Rampa 3
736.9804239273071,111.2,120.0,20.0,Rampa 3
737.9953730106354,111.6,120.0,0.0,Rampa 3
739.0533502101898,111.7,120.0,35.0,Rampa 3
740.0416078567505,112.1,120.0,0.0,Rampa 3
741.0548379421234,112.3,120.0,13.0,Rampa 3
742.0608060359955,112.6,120.0,0.0,Rampa 3
743.1130859851837,112.9,120.0,0.0,Rampa 3
744.1275551319122,113.1,120.0,8.0,Rampa 3
745.0765120983124,113.4,120.0,0.0,Rampa 3
746.1386480331421,113.6,120.0,5.0,Rampa 3
747.1715559959412,113.8,120.0,4.0,Rampa 3
748.1570889949799,114.0,120.0,2.0,Rampa 3
749.1308751106262,114.1,120.0,20.0,Rampa 3
750.1842269897461,114.3,120.0,1.0,Rampa 3
751.1444170475006,114.4,120.0,18.0,Rampa 3
752.1667141914368,114.5,120.0,18.0,Rampa 3
753.1925981044769,114.7,120.0,0.0,Rampa 3
754.2389099597931,114.8,120.0,16.0,Rampa 3
755.247239112854,114.9,120.0,15.0,Rampa 3
756.2243239879608,115.0,120.0,15.0,Rampa 3
757.3583521842957,115.2,120.0,32.0,Rampa 3
758.3560619354248,115.2,120.0,32.0,Rampa 3
759.3302340507507,115.3,120.0,13.0,Rampa 3
760.3476989269257,115.4,120.0,12.0,Rampa 3
761.319993019104,115.4,120.0,31.0,Rampa 3
762.3332149982452,115.4,120.0,31.0,Rampa 3
763.2968969345093,115.5,120.0,12.0,Rampa 3
764.3659791946411,115.5,120.0,30.0,Rampa 3
765.3835990428925,115.5,120.0,30.0,Rampa 3
766.2993550300598,115.5,120.0,30.0,Rampa 3
767.364993095398,115.5,120.0,30.0,Rampa 3
768.3399128913879,115.6,120.0,11.0,Rampa 3
769.3639290332794,115.6,120.0,29.0,Rampa 3
770.3318791389465,115.6,120.0,29.0,Rampa 3
771.4536650180817,115.5,120.0,48.0,Rampa 3
772.4772899150848,115.5,120.0,30.0,Rampa 3
773.4471321105957,115.5,120.0,30.0,Rampa 3
774.4262452125549,115.5,120.0,30.0,Rampa 3
775.4047658443451,115.4,120.0,49.0,Rampa 3
776.5801730155945,115.4,120.0,31.0,Rampa 3
777.5641191005707,115.4,120.0,31.0,Rampa 3
778.546530008316,115.3,120.0,49.0,Rampa 3
779.5218439102173,115.3,120.0,31.0,Rampa 3
780.5472700595856,115.3,120.0,31.0,Rampa 3
781.5273568630219,115.2,120.0,50.0,Rampa 3
782.581148147583,115.3,120.0,13.0,Rampa 3
783.5446782112122,115.2,120.0,50.0,Rampa 3
784.543564081192,115.2,120.0,32.0,Rampa 3
785.5221319198608,115.2,120.0,32.0,Rampa 3
786.551059961319,115.2,120.0,32.0,Rampa 3
787.5247650146484,115.1,120.0,51.0,Rampa 3
788.5637080669403,115.1,120.0,32.0,Rampa 3
789.5257589817047,115.0,120.0,51.0,Rampa 3
790.5822529792786,115.0,120.0,33.0,Rampa 3
791.5978670120239,115.0,120.0,33.0,Rampa 3
792.5717968940735,115.0,120.0,33.0,Rampa 3
793.6067042350769,114.9,120.0,52.0,Rampa 3
794.5758790969849,114.9,120.0,34.0,Rampa 3
795.5962889194489,114.9,120.0,34.0,Rampa 3
796.6168060302734,114.9,120.0,34.0,Rampa 3
797.6392760276794,114.8,120.0,53.0,Rampa 3
798.6716568470001,114.8,120.0,34.0,Rampa 3
799.6920499801636,114.8,120.0,34.0,Rampa 3
800.6671640872955,114.8,120.0,34.0,Rampa 3
801.6940460205078,114.8,120.0,34.0,Rampa 3
802.6728670597076,114.8,120.0,34.0,Rampa 3
803.6973180770874,114.8,120.0,34.0,Rampa 3
804.7278010845184,114.8,120.0,34.0,Rampa 3
805.7083330154419,114.8,120.0,34.0,Rampa 3
806.7332878112793,114.9,120.0,15.0,Rampa 3
807.716028213501,114.8,120.0,53.0,Rampa 3
808.7923781871796,114.9,120.0,15.0,Rampa 3
809.7639548778534,114.9,120.0,34.0,Rampa 3
810.7887921333313,114.9,120.0,34.0,Rampa 3
811.762186050415,115.0,120.0,15.0,Rampa 3
812.8298470973969,115.0,120.0,33.0,Rampa 3
813.8099100589752,115.1,120.0,14.0,Rampa 3
814.8199799060822,115.1,120.0,32.0,Rampa 3
815.8438489437103,115.2,120.0,13.0,Rampa 3
816.7878150939941,115.2,120.0,32.0,Rampa 3
817.8098640441895,115.2,120.0,32.0,Rampa 3
818.8311700820923,115.3,120.0,13.0,Rampa 3
819.8789858818054,115.3,120.0,31.0,Rampa 3
820.8594579696655,115.3,120.0,31.0,Rampa 3
821.8410110473633,115.4,120.0,12.0,Rampa 3
822.8698930740356,115.4,120.0,31.0,Rampa 3
823.9076540470123,115.4,120.0,31.0,Rampa 3
824.8961269855499,115.5,120.0,12.0,Rampa 3
825.923220872879,115.5,120.0,30.0,Rampa 3
826.9134540557861,115.5,120.0,30.0,Rampa 3
827.9088871479034,115.5,120.0,30.0,Rampa 3
828.9390640258789,115.5,120.0,30.0,Rampa 3
829.9129841327667,115.5,120.0,30.0,Rampa 3
830.9432260990143,115.5,120.0,30.0,Rampa 3
831.9224219322205,115.5,120.0,30.0,Rampa 3
832.9467272758484,115.5,120.0,30.0,Rampa 3
833.9639558792114,115.5,120.0,30.0,Rampa 3
834.9812700748444,115.5,120.0,30.0,Rampa 3
835.9979090690613,115.5,120.0,30.0,Rampa 3
837.014251947403,115.5,120.0,30.0,Rampa 3
838.029375076294,115.4,120.0,49.0,Rampa 3
839.0487101078033,115.4,120.0,31.0,Rampa 3
840.0096929073334,115.4,120.0,31.0,Rampa 3
841.0293259620667,115.4,120.0,31.0,Rampa 3
842.0477409362793,115.4,120.0,31.0,Rampa 3
843.0212669372559,115.3,120.0,49.0,Rampa 3
844.0530259609222,115.4,120.0,12.0,Rampa 3
845.0815181732178,115.4,120.0,31.0,Rampa 3
846.1048471927643,115.4,120.0,31.0,Rampa 3
847.134458065033,115.4,120.0,31.0,Rampa 3
848.1157298088074,115.4,120.0,31.0,Rampa 3
849.1018371582031,115.4,120.0,31.0,Rampa 3
850.1280817985535,115.4,120.0,31.0,Rampa 3
851.1152381896973,115.5,120.0,12.0,Rampa 3
852.1448669433594,115.5,120.0,30.0,Rampa 3
853.1321909427643,115.5,120.0,30.0,Rampa 3
854.175055027008,115.5,120.0,30.0,Rampa 3
855.1570138931274,115.5,120.0,30.0,Rampa 3
856.1977000236511,115.5,120.0,30.0,Rampa 3
857.1812658309937,115.5,120.0,30.0,Rampa 3
858.2142279148102,115.5,120.0,30.0,Rampa 3
859.1908440589905,115.6,120.0,11.0,Rampa 3
860.2445271015167,115.6,120.0,29.0,Rampa 3
861.2236089706421,115.6,120.0,29.0,Rampa 3
862.2421860694885,115.6,120.0,29.0,Rampa 3
863.2721269130707,115.7,120.0,10.0,Rampa 3
864.2660300731659,115.7,120.0,29.0,Rampa 3
865.2331380844116,115.7,120.0,29.0,Rampa 3
866.2547061443329,115.7,120.0,29.0,Rampa 3
867.2782762050629,115.7,120.0,29.0,Rampa 3
868.2947409152985,115.8,120.0,10.0,Rampa 3
869.3495700359344,115.7,120.0,47.0,Rampa 3
870.2923729419708,115.8,120.0,10.0,Rampa 3
871.3505840301514,115.8,120.0,28.0,Rampa 3
872.3186559677124,115.7,120.0,47.0,Rampa 3
873.3702790737152,115.7,120.0,29.0,Rampa 3
874.3894588947296,115.7,120.0,29.0,Rampa 3
875.3574130535126,115.7,120.0,29.0,Rampa 3
876.3711500167847,115.7,120.0,29.0,Rampa 3
877.4084951877594,115.7,120.0,29.0,Rampa 3
878.3850522041321,115.7,120.0,29.0,Rampa 3
879.4188652038574,115.7,120.0,29.0,Rampa 3
880.405766248703,115.7,120.0,29.0,Rampa 3
881.4428641796112,115.7,120.0,29.0,Rampa 3
882.422523021698,115.7,120.0,29.0,Rampa 3
883.4483189582825,115.7,120.0,29.0,Rampa 3
884.4672229290009,115.7,120.0,29.0,Rampa 3
885.4391701221466,115.6,120.0,48.0,Rampa 3
886.4596788883209,115.6,120.0,29.0,Rampa 3
887.4817788600922,115.6,120.0,29.0,Rampa 3
888.4543700218201,115.6,120.0,29.0,Rampa 3
889.4730491638184,115.6,120.0,29.0,Rampa 3
890.4946391582489,115.6,120.0,29.0,Rampa 3
891.4651110172272,115.5,120.0,48.0,Rampa 3
892.4972159862518,115.5,120.0,30.0,Rampa 3
893.5333721637726,115.5,120.0,30.0,Rampa 3
894.504683971405,115.5,120.0,30.0,Rampa 3
895.5235850811005,115.5,120.0,30.0,Rampa 3
896.543291091919,115.5,120.0,30.0,Rampa 3
897.5169370174408,115.5,120.0,30.0,Rampa 3
898.5359091758728,115.5,120.0,30.0,Rampa 3
899.5567710399628,115.5,120.0,30.0,Rampa 3
900.5765380859375,115.5,120.0,30.0,Rampa 3
901.5498471260071,115.6,120.0,11.0,Rampa 3
902.6282670497894,115.6,120.0,29.0,Rampa 3
903.6015000343323,115.6,120.0,29.0,Rampa 3
904.5811581611633,115.6,120.0,29.0,Rampa 3
905.6109890937805,115.5,120.0,48.0,Rampa 3
906.5886030197144,115.6,120.0,11.0,Rampa 3
907.6150710582733,115.6,120.0,29.0,Rampa 3
908.6480119228363,115.6,120.0,29.0,Rampa 3
909.6821670532227,115.6,120.0,29.0,Rampa 3
910.6709849834442,115.6,120.0,29.0,Rampa 3
911.7055201530457,115.6,120.0,29.0,Rampa 3
912.6898410320282,115.6,120.0,29.0,Rampa 3
913.6760308742523,115.6,120.0,29.0,Rampa 3
914.7037959098816,115.6,120.0,29.0,Rampa 3
915.7267000675201,115.6,120.0,29.0,Rampa 3
916.7494640350342,115.6,120.0,29.0,Rampa 3
917.7371592521667,115.6,120.0,29.0,Rampa 3
918.7635550498962,115.6,120.0,29.0,Rampa 3
919.745637178421,115.5,120.0,48.0,Rampa 3
920.7658941745758,115.5,120.0,30.0,Rampa 3
921.7269911766052,115.5,120.0,30.0,Rampa 3
922.791848897934,115.5,120.0,30.0,Rampa 3
923.7608098983765,115.5,120.0,30.0,Rampa 3
924.780914068222,115.5,120.0,30.0,Rampa 3
925.7969660758972,115.5,120.0,30.0,Rampa 3
926.7783751487732,115.4,120.0,49.0,Rampa 3
927.79252409935,115.4,120.0,31.0,Rampa 3
928.8130831718445,115.4,120.0,31.0,Rampa 3
929.8325612545013,115.3,120.0,49.0,Rampa 3
930.8493640422821,115.4,120.0,12.0,Rampa 3
931.8822951316833,115.3,120.0,49.0,Rampa 3
932.8988931179047,115.3,120.0,31.0,Rampa 3
933.9208490848541,115.3,120.0,31.0,Rampa 3
934.8579981327057,115.3,120.0,31.0,Rampa 3
935.8885979652405,115.3,120.0,31.0,Rampa 3
936.9146611690521,115.2,120.0,50.0,Rampa 3
937.9636001586914,115.2,120.0,32.0,Rampa 3
938.9463658332825,115.2,120.0,32.0,Rampa 3
939.924357175827,115.2,120.0,32.0,Rampa 3
940.9965229034424,115.2,120.0,50.0,Rampa 3
941.9675939083099,115.2,120.0,32.0,Rampa 3
942.99915599823,115.2,120.0,32.0,Rampa 3
943.9794540405273,115.2,120.0,32.0,Rampa 3
944.9532721042633,115.2,120.0,32.0,Rampa 3
945.9783279895782,115.2,120.0,32.0,Rampa 3
947.0068030357361,115.2,120.0,32.0,Rampa 3
948.0308480262756,115.2,120.0,32.0,Rampa 3
949.0075809955597,115.2,120.0,32.0,Rampa 3
950.0251860618591,115.2,120.0,32.0,Rampa 3
951.0946340560913,115.2,120.0,32.0,Rampa 3
952.010724067688,115.3,120.0,13.0,Rampa 3
953.0724232196808,115.3,120.0,31.0,Rampa 3
954.0345220565796,115.3,120.0,31.0,Rampa 3
955.1044809818268,115.3,120.0,31.0,Rampa 3
956.0797832012177,115.4,120.0,12.0,Rampa 3
957.0529899597168,115.4,120.0,31.0,Rampa 3
958.1276359558105,115.4,120.0,31.0,Rampa 3
959.1112880706787,115.5,120.0,12.0,Rampa 3
960.1072640419006,115.4,120.0,49.0,Rampa 3
961.1295680999756,115.5,120.0,12.0,Rampa 3
962.0968251228333,115.5,120.0,30.0,Rampa 3
963.1280570030212,115.5,120.0,30.0,Rampa 3
964.1493380069733,115.5,120.0,30.0,Rampa 3
965.2186548709869,115.5,120.0,30.0,Rampa 3
966.1330201625824,115.5,120.0,30.0,Rampa 3
967.1545531749725,115.5,120.0,30.0,Rampa 3
968.1902410984039,115.5,120.0,30.0,Rampa 3
969.1652750968933,115.6,120.0,11.0,Rampa 3
970.1883981227875,115.6,120.0,29.0,Rampa 3
971.2155361175537,115.6,120.0,29.0,Rampa 3
972.1932129859924,115.6,120.0,29.0,Rampa 3
973.2620830535889,115.6,120.0,29.0,Rampa 3
974.2803161144257,115.7,120.0,10.0,Rampa 3
975.2724521160126,115.7,120.0,29.0,Rampa 3
976.2443690299988,115.7,120.0,29.0,Rampa 3
977.2638368606567,115.7,120.0,29.0,Rampa 3
978.2316689491272,115.6,120.0,48.0,Rampa 3
979.2992470264435,115.6,120.0,29.0,Rampa 3
980.278204202652,115.7,120.0,10.0,Rampa 3
981.3320150375366,115.7,120.0,29.0,Rampa 3
982.2938239574432,115.7,120.0,29.0,Rampa 3
983.3145258426666,115.7,120.0,29.0,Rampa 3
984.3412289619446,115.7,120.0,29.0,Rampa 3
985.3606278896332,115.6,120.0,48.0,Rampa 3
986.324303150177,115.6,120.0,29.0,Rampa 3
987.3498070240021,115.6,120.0,29.0,Rampa 3
988.379508972168,115.6,120.0,29.0,Rampa 3
989.353837966919,115.6,120.0,29.0,Rampa 3
990.3796799182892,115.6,120.0,29.0,Rampa 3
991.4158771038055,115.5,120.0,48.0,Rampa 3
992.389148235321,115.5,120.0,30.0,Rampa 3
993.4376859664917,115.6,120.0,11.0,Rampa 3
994.4181890487671,115.5,120.0,48.0,Rampa 3
995.4444780349731,115.5,120.0,30.0,Rampa 3
996.4230890274048,115.5,120.0,30.0,Rampa 3
997.4499871730804,115.5,120.0,30.0,Rampa 3
998.48752784729,115.5,120.0,30.0,Rampa 3
999.4638810157776,115.5,120.0,30.0,Rampa 3
1000.4921741485596,115.5,120.0,30.0,Rampa 3
1001.4655559062958,115.5,120.0,30.0,Rampa 3
1002.4807670116425,115.6,120.0,11.0,Rampa 3
1003.5080320835114,115.6,120.0,29.0,Rampa 3
1004.4708950519562,115.6,120.0,29.0,Rampa 3
1005.4890549182892,115.6,120.0,29.0,Rampa 3
1006.5631999969482,115.6,120.0,29.0,Rampa 3
1007.5320971012115,115.7,120.0,10.0,Rampa 3
1008.5309739112854,115.7,120.0,29.0,Rampa 3
1009.5482239723206,115.7,120.0,29.0,Rampa 3
1010.5149638652802,115.7,120.0,29.0,Rampa 3
1011.5407030582428,115.7,120.0,29.0,Rampa 3
1012.5672039985657,115.7,120.0,29.0,Rampa 3
1013.5836369991302,115.7,120.0,29.0,Rampa 3
1014.6204469203949,115.7,120.0,29.0,Rampa 3
1015.6075630187988,115.7,120.0,29.0,Rampa 3
1016.588418006897,115.7,120.0,29.0,Rampa 3
1017.6204972267151,115.7,120.0,29.0,Rampa 3
1018.6584219932556,115.8,120.0,10.0,Rampa 3
1019.6728019714355,115.8,120.0,28.0,Rampa 3
1020.69779920578,115.7,120.0,47.0,Rampa 3
1021.7032220363617,115.8,120.0,10.0,Rampa 3
1022.7203109264374,115.8,120.0,28.0,Rampa 3
1023.695151090622,115.8,120.0,28.0,Rampa 3
1024.728003025055,115.8,120.0,28.0,Rampa 3
1025.7024991512299,115.8,120.0,28.0,Rampa 3
1026.747370004654,115.8,120.0,28.0,Rampa 3
1027.7247669696808,115.8,120.0,28.0,Rampa 3
1028.7027490139008,115.8,120.0,28.0,Rampa 3
1029.7209432125092,115.8,120.0,28.0,Rampa 3
1030.737664937973,115.8,120.0,28.0,Rampa 3
1031.7482459545135,115.8,120.0,28.0,Rampa 3
1032.765300989151,115.8,120.0,28.0,Rampa 3
1033.7337470054626,115.7,120.0,47.0,Rampa 3
1034.7799940109253,115.7,120.0,29.0,Rampa 3
1035.7951600551605,115.7,120.0,29.0,Rampa 3
1036.8123698234558,115.7,120.0,29.0,Rampa 3
1037.7805180549622,115.7,120.0,29.0,Rampa 3
1038.7986302375793,115.7,120.0,29.0,Rampa 3
1039.8206980228424,115.7,120.0,29.0,Rampa 3
1040.8354318141937,115.7,120.0,29.0,Rampa 3
1041.8664660453796,115.7,120.0,29.0,Rampa 3
1042.8853380680084,115.7,120.0,29.0,Rampa 3
1043.8591210842133,115.7,120.0,29.0,Rampa 3
1044.8839030265808,115.7,120.0,29.0,Rampa 3
1045.8592441082,115.7,120.0,29.0,Rampa 3
1046.8857789039612,115.7,120.0,29.0,Rampa 3
1047.9144282341003,115.7,120.0,29.0,Rampa 3
1048.8947150707245,115.7,120.0,29.0,Rampa 3
1049.9701490402222,115.7,120.0,29.0,Rampa 3
1050.9451639652252,115.7,120.0,29.0,Rampa 3
1051.980749130249,115.8,120.0,10.0,Rampa 3
1052.9392602443695,115.8,120.0,28.0,Rampa 3
1053.9676179885864,115.8,120.0,28.0,Rampa 3
1055.0018429756165,115.8,120.0,28.0,Rampa 3
1055.98220205307,115.7,120.0,47.0,Rampa 3
1056.98118019104,115.7,120.0,29.0,Rampa 3
1057.9539041519165,115.7,120.0,29.0,Rampa 3
1059.0077619552612,115.7,120.0,29.0,Rampa 3
1059.9924011230469,115.7,120.0,29.0,Rampa 3
1061.0070278644562,115.7,120.0,29.0,Rampa 3
1062.0306639671326,115.7,120.0,29.0,Rampa 3
1063.0648822784424,115.7,120.0,29.0,Rampa 3
1064.0836720466614,115.7,120.0,29.0,Rampa 3
1065.1047670841217,115.6,120.0,48.0,Rampa 3
1066.0647511482239,115.6,120.0,29.0,Rampa 3
1067.0974431037903,115.6,120.0,29.0,Rampa 3
1068.1275708675385,115.6,120.0,29.0,Rampa 3
1069.0981969833374,115.5,120.0,48.0,Rampa 3
1070.1355860233307,115.4,120.0,49.0,Rampa 3
1071.1115300655365,115.4,120.0,31.0,Rampa 3
1072.1369071006775,115.4,120.0,31.0,Rampa 3
1073.1681232452393,115.3,120.0,49.0,Rampa 3
1074.1451680660248,115.3,120.0,31.0,Rampa 3
1075.1734490394592,115.2,120.0,50.0,Rampa 3
1076.2353429794312,115.2,120.0,32.0,Rampa 3
1077.1679029464722,115.2,120.0,32.0,Rampa 3
1078.193745136261,115.2,120.0,32.0,Rampa 3
1079.2238490581512,115.2,120.0,32.0,Rampa 3
1080.2058811187744,115.2,120.0,32.0,Rampa 3
1081.2312350273132,115.2,120.0,32.0,Rampa 3
1082.212147951126,115.2,120.0,32.0,Rampa 3
1083.2333071231842,115.3,120.0,13.0,Rampa 3
1084.2980720996857,115.3,120.0,31.0,Rampa 3
1085.268956899643,115.3,120.0,31.0,Rampa 3
1086.2432889938354,115.3,120.0,31.0,Rampa 3
1087.313336133957,115.3,120.0,31.0,Rampa 3
1088.3325901031494,115.4,120.0,12.0,Rampa 3
1089.299740076065,115.3,120.0,49.0,Rampa 3
1090.3264818191528,115.4,120.0,12.0,Rampa 3
1091.3406720161438,115.4,120.0,31.0,Rampa 3
1092.3136310577393,115.4,120.0,31.0,Rampa 3
1093.3576250076294,115.4,120.0,31.0,Rampa 3
1094.3251960277557,115.5,120.0,12.0,Rampa 3
1095.3490071296692,115.5,120.0,30.0,Rampa 3
1096.368973016739,115.5,120.0,30.0,Rampa 3
1097.3973970413208,115.5,120.0,30.0,Rampa 3
1098.373990058899,115.5,120.0,30.0,Rampa 3
1099.406413078308,115.5,120.0,30.0,Rampa 3
1100.374412059784,115.5,120.0,30.0,Rampa 3
1101.459722995758,115.6,120.0,11.0,Rampa 3
1102.4025242328644,115.6,120.0,29.0,Rampa 3
1103.426863193512,115.6,120.0,29.0,Rampa 3
1104.4530601501465,115.6,120.0,29.0,Rampa 3
1105.4833719730377,115.6,120.0,29.0,Rampa 3
1106.5086770057678,115.6,120.0,29.0,Rampa 3
1107.486142873764,115.7,120.0,10.0,Rampa 3
1108.4992270469666,115.7,120.0,29.0,Rampa 3
1109.5289311408997,115.7,120.0,29.0,Rampa 3
1110.5090491771698,115.7,120.0,29.0,Rampa 3
1111.4849970340729,115.7,120.0,29.0,Rampa 3
1112.553279876709,115.8,120.0,10.0,Rampa 3
1113.5633351802826,115.8,120.0,28.0,Rampa 3
1114.5865120887756,115.8,120.0,28.0,Rampa 3
1115.544203042984,115.8,120.0,28.0,Rampa 3
1116.5723650455475,115.8,120.0,28.0,Rampa 3
1117.5427949428558,115.8,120.0,28.0,Rampa 3
1118.565852880478,115.8,120.0,28.0,Rampa 3
1119.582895040512,115.8,120.0,28.0,Rampa 3
1120.600592136383,115.7,120.0,47.0,Rampa 3
1121.6537351608276,115.8,120.0,10.0,Rampa 3
1122.6156978607178,115.8,120.0,28.0,Rampa 3
1123.6421120166779,115.7,120.0,47.0,Rampa 3
1124.6419839859009,115.8,120.0,10.0,Rampa 3
1125.7519590854645,115.7,120.0,29.0,Rampa 3
1126.7234740257263,115.7,120.0,29.0,Rampa 3
1127.7404990196228,115.7,120.0,29.0,Rampa 3
1128.7235441207886,115.7,120.0,29.0,Rampa 3
1129.708009004593,115.7,120.0,29.0,Rampa 3
1130.684156179428,115.6,120.0,48.0,Rampa 3
1131.7492470741272,115.6,120.0,29.0,Rampa 3
1132.7195310592651,115.6,120.0,29.0,Rampa 3
1133.7432789802551,115.6,120.0,29.0,Rampa 3
1134.725517988205,115.6,120.0,29.0,Rampa 3
1135.7634930610657,115.6,120.0,29.0,Rampa 3
1136.7460520267487,115.6,120.0,29.0,Rampa 3
1137.7245922088623,115.6,120.0,29.0,Rampa 3
1138.7542672157288,115.6,120.0,29.0,Rampa 3
1139.7803928852081,115.6,120.0,29.0,Rampa 3
1140.7496061325073,115.6,120.0,29.0,Rampa 3
1141.768317937851,115.6,120.0,29.0,Rampa 3
1142.7846992015839,115.6,120.0,29.0,Rampa 3
1143.7977950572968,115.6,120.0,29.0,Rampa 3
1144.8142898082733,115.7,120.0,10.0,Rampa 3
1145.8581612110138,115.7,120.0,29.0,Rampa 3
1146.823900938034,115.6,120.0,48.0,Rampa 3
1147.8295590877533,115.6,120.0,29.0,Rampa 3
1148.8010559082031,115.6,120.0,29.0,Rampa 3
1149.8639900684357,115.6,120.0,29.0,Rampa 3
1150.8815610408783,115.7,120.0,10.0,Rampa 3
1151.8348531723022,115.6,120.0,48.0,Rampa 3
1152.8571090698242,115.6,120.0,29.0,Rampa 3
1153.893963098526,115.6,120.0,29.0,Rampa 3
1154.870360136032,115.6,120.0,29.0,Rampa 3
1155.8974850177765,115.6,120.0,29.0,Rampa 3
1156.8759059906006,115.6,120.0,29.0,Rampa 3
1157.9050018787384,115.6,120.0,29.0,Rampa 3
1158.9338841438293,115.7,120.0,10.0,Rampa 3
1159.9645471572876,115.6,120.0,48.0,Rampa 3
1160.986006975174,115.7,120.0,10.0,Rampa 3
1161.9404611587524,115.7,120.0,29.0,Rampa 3
1162.973394870758,115.7,120.0,29.0,Rampa 3
1163.9505851268768,115.7,120.0,29.0,Rampa 3
1164.9804029464722,115.7,120.0,29.0,Rampa 3
1166.0045659542084,115.7,120.0,29.0,Rampa 3
1166.9819161891937,115.7,120.0,29.0,Rampa 3
1167.9940249919891,115.7,120.0,29.0,Rampa 3
1169.0133700370789,115.7,120.0,29.0,Rampa 3
1170.0274679660797,115.7,120.0,29.0,Rampa 3
1170.988363981247,115.7,120.0,29.0,Rampa 3
1172.0582461357117,115.7,120.0,29.0,Rampa 3
1173.070552110672,115.7,120.0,29.0,Rampa 3
1174.033411026001,115.7,120.0,29.0,Rampa 3
1175.0995271205902,115.8,120.0,10.0,Rampa 3
1176.0552990436554,115.7,120.0,47.0,Rampa 3
1177.1063432693481,115.7,120.0,29.0,Rampa 3
1178.1334269046783,115.7,120.0,29.0,Rampa 3
1179.1015720367432,115.7,120.0,29.0,Rampa 3
1180.1221330165863,115.7,120.0,29.0,Rampa 3
1181.1431329250336,115.7,120.0,29.0,Rampa 3
1182.1750829219818,115.6,120.0,48.0,Rampa 3
1183.1513168811798,115.7,120.0,10.0,Rampa 3
1184.1552820205688,115.7,120.0,29.0,Rampa 3
1185.1837871074677,115.7,120.0,29.0,Rampa 3
1186.164721250534,115.7,120.0,29.0,Rampa 3
1187.1901638507843,115.6,120.0,48.0,Rampa 3
1188.2538809776306,115.7,120.0,10.0,Rampa 3
1189.2647919654846,115.7,120.0,29.0,Rampa 3
1190.2450869083405,115.6,120.0,48.0,Rampa 3
1191.2639291286469,115.7,120.0,10.0,Rampa 3
1192.2625241279602,115.7,120.0,29.0,Rampa 3
1193.259111881256,115.7,120.0,29.0,Rampa 3
1194.2417149543762,115.7,120.0,29.0,Rampa 3
1195.2687809467316,115.7,120.0,29.0,Rampa 3
1196.2358059883118,115.6,120.0,48.0,Rampa 3
1197.2916309833527,115.7,120.0,10.0,Rampa 3
1198.283054113388,115.7,120.0,29.0,Rampa 3
1199.3547229766846,115.6,120.0,48.0,Rampa 3
1200.3068180084229,115.7,120.0,10.0,Rampa 3
1201.3562831878662,115.7,120.0,29.0,Rampa 3
1202.3236291408539,115.6,120.0,48.0,Rampa 3
1203.331624031067,115.6,120.0,29.0,Rampa 3
1204.357342004776,115.6,120.0,29.0,Rampa 3
1205.3734431266785,115.6,120.0,29.0,Rampa 3
1206.3462479114532,115.6,120.0,29.0,Rampa 3
1207.3662478923798,115.5,120.0,48.0,Rampa 3
1208.3831570148468,115.6,120.0,11.0,Rampa 3
1209.4165999889374,115.6,120.0,29.0,Rampa 3
1210.3905301094055,115.6,120.0,29.0,Rampa 3
1211.422168970108,115.5,120.0,48.0,Rampa 3
1212.4043221473694,115.6,120.0,11.0,Rampa 3
1213.4350259304047,115.6,120.0,29.0,Rampa 3
1214.462051153183,115.6,120.0,29.0,Rampa 3
1215.4374871253967,115.6,120.0,29.0,Rampa 3
1216.461744070053,115.6,120.0,29.0,Rampa 3
1217.4880509376526,115.7,120.0,10.0,Rampa 3
1218.4876878261566,115.6,120.0,48.0,Rampa 3
1219.5105509757996,115.7,120.0,10.0,Rampa 3
1220.5193810462952,115.7,120.0,29.0,Rampa 3
1221.5430011749268,115.7,120.0,29.0,Rampa 3
1222.5184218883514,115.7,120.0,29.0,Rampa 3
1223.5534060001373,115.7,120.0,29.0,Rampa 3
1224.531105041504,115.7,120.0,29.0,Rampa 3
1225.55446600914,115.6,120.0,48.0,Rampa 3
1226.5746550559998,115.6,120.0,29.0,Rampa 3
1227.592344045639,115.6,120.0,29.0,Rampa 3
1228.556487083435,115.6,120.0,29.0,Rampa 3
1229.5796852111816,115.6,120.0,29.0,Rampa 3
1230.6018130779266,115.5,120.0,48.0,Rampa 3
1231.5676879882812,115.5,120.0,30.0,Rampa 3
1232.6371629238129,115.5,120.0,30.0,Rampa 3
1233.651978969574,115.5,120.0,30.0,Rampa 3
1234.619217157364,115.5,120.0,30.0,Rampa 3
1235.6444370746613,115.5,120.0,30.0,Rampa 3
1236.6121652126312,115.5,120.0,30.0,Rampa 3
1237.6445219516754,115.5,120.0,30.0,Rampa 3
1238.6713089942932,115.5,120.0,30.0,Rampa 3
1239.6446158885956,115.5,120.0,30.0,Rampa 3
1240.6714391708374,115.5,120.0,30.0,Rampa 3
1241.6534090042114,115.5,120.0,30.0,Rampa 3
1242.6817169189453,115.5,120.0,30.0,Rampa 3
1243.7028601169586,115.4,120.0,49.0,Rampa 3
1244.6753640174866,115.5,120.0,12.0,Rampa 3
1245.710124015808,115.5,120.0,30.0,Rampa 3
1246.7441630363464,115.5,120.0,30.0,Rampa 3
1247.7251570224762,115.5,120.0,30.0,Rampa 3
1248.75599193573,115.5,120.0,30.0,Rampa 3
1249.772085905075,115.5,120.0,30.0,Rampa 3
1250.7590460777283,115.6,120.0,11.0,Rampa 3
1251.7936601638794,115.6,120.0,29.0,Rampa 3
1252.7706291675568,115.6,120.0,29.0,Rampa 3
1253.8407549858093,115.6,120.0,29.0,Rampa 3
1254.8169050216675,115.6,120.0,29.0,Rampa 3
1255.8374252319336,115.7,120.0,10.0,Rampa 3
1256.8344900608063,115.7,120.0,29.0,Rampa 3
1257.8495090007782,115.7,120.0,29.0,Rampa 3
1258.816941022873,115.7,120.0,29.0,Rampa 3
1259.862165927887,115.7,120.0,29.0,Rampa 3
1260.8330039978027,115.7,120.0,29.0,Rampa 3
1261.9000828266144,115.8,120.0,10.0,Rampa 3
1262.8561120033264,115.7,120.0,47.0,Rampa 3
1263.894231081009,115.8,120.0,10.0,Rampa 3
1264.9039239883423,115.8,120.0,28.0,Rampa 3
1265.8791069984436,115.8,120.0,28.0,Rampa 3
1266.912425994873,115.8,120.0,28.0,Rampa 3
1267.9390230178833,115.8,120.0,28.0,Rampa 3
1268.9109380245209,115.8,120.0,28.0,Rampa 3
1269.9790861606598,115.9,120.0,9.0,Rampa 3
1270.9678230285645,115.9,120.0,28.0,Rampa 3
1271.9464881420135,115.9,120.0,28.0,Rampa 3
1272.9221889972687,115.9,120.0,28.0,Rampa 3
1273.4294860363007,116.0,120.0,9.0,Meseta 3
1274.0012211799622,116.0,120.0,9.0,Meseta 3
1274.9800770282745,116.0,120.0,27.0,Meseta 3
1275.951560974121,116.0,120.0,27.0,Meseta 3
1276.9763340950012,116.0,120.0,27.0,Meseta 3
1277.9650921821594,116.0,120.0,27.0,Meseta 3
1278.9899141788483,116.0,120.0,27.0,Meseta 3
1280.0200381278992,115.9,120.0,46.0,Meseta 3
1280.987654209137,115.9,120.0,28.0,Meseta 3
1282.0021181106567,115.9,120.0,28.0,Meseta 3
1283.0233249664307,115.8,120.0,46.0,Meseta 3
1283.9938118457794,115.8,120.0,28.0,Meseta 3
1285.0147912502289,115.8,120.0,28.0,Meseta 3
1286.0378680229187,115.8,120.0,28.0,Meseta 3
1287.0081269741058,115.8,120.0,28.0,Meseta 3
1288.0241231918335,115.8,120.0,28.0,Meseta 3
1289.0917739868164,115.7,120.0,47.0,Meseta 3
1290.088161945343,115.7,120.0,29.0,Meseta 3
1291.0634632110596,115.7,120.0,29.0,Meseta 3
1292.0558860301971,115.6,120.0,48.0,Meseta 3
1293.1326341629028,115.6,120.0,29.0,Meseta 3
1294.1703770160675,115.6,120.0,29.0,Meseta 3
1295.1050670146942,115.6,120.0,29.0,Meseta 3
1296.1871700286865,115.6,120.0,29.0,Meseta 3
1297.219435930252,115.6,120.0,29.0,Meseta 3
1298.1928651332855,115.6,120.0,29.0,Meseta 3
1299.2295939922333,115.6,120.0,29.0,Meseta 3
1300.2091250419617,115.6,120.0,29.0,Meseta 3
1301.2425651550293,115.6,120.0,29.0,Meseta 3
1302.2215349674225,115.6,120.0,29.0,Meseta 3
1303.194344997406,115.6,120.0,29.0,Meseta 3
1303.4015831947327,115.6,130.0,29.0,Rampa 4
1304.2155058383942,115.5,130.0,26.0,Rampa 4
1305.189073085785,115.5,130.0,12.0,Rampa 4
1306.215716123581,115.5,130.0,16.0,Rampa 4
1307.1881840229034,115.5,130.0,20.0,Rampa 4
1308.2150478363037,115.5,130.0,24.0,Rampa 4
1309.2339720726013,115.5,130.0,29.0,Rampa 4
1310.2544310092926,115.4,130.0,52.0,Rampa 4
1311.2269670963287,115.4,130.0,38.0,Rampa 4
1312.2601201534271,115.4,130.0,42.0,Rampa 4
1313.233845949173,115.4,130.0,46.0,Rampa 4
1314.263396024704,115.4,130.0,51.0,Rampa 4
1315.286383152008,115.4,130.0,55.0,Rampa 4
1316.3104300498962,115.4,130.0,59.0,Rampa 4
1317.2849299907684,115.3,130.0,82.0,Rampa 4
1318.3123960494995,115.3,130.0,68.0,Rampa 4
1319.2948441505432,115.4,130.0,54.0,Rampa 4
1320.3451080322266,115.4,130.0,76.0,Rampa 4
1321.3259420394897,115.4,130.0,81.0,Rampa 4
1322.30335521698,115.4,130.0,85.0,Rampa 4
1323.3321840763092,115.4,130.0,89.0,Rampa 4
1324.3709738254547,115.4,130.0,92.0,Rampa 4
1325.352164030075,115.5,130.0,73.0,Rampa 4
1326.3846430778503,115.5,130.0,91.0,Rampa 4
1327.4192650318146,115.5,130.0,91.0,Rampa 4
1328.4033799171448,115.5,130.0,91.0,Rampa 4
1329.4437119960785,115.6,130.0,72.0,Rampa 4
1330.426815032959,115.6,130.0,90.0,Rampa 4
1331.4104239940643,115.6,130.0,90.0,Rampa 4
1332.4454588890076,115.7,130.0,71.0,Rampa 4
1333.4081048965454,115.7,130.0,90.0,Rampa 4
1334.4900789260864,115.9,130.0,52.0,Rampa 4
1335.412488937378,115.9,130.0,89.0,Rampa 4
1336.4402449131012,116.0,130.0,70.0,Rampa 4
1337.5155940055847,116.1,130.0,69.0,Rampa 4
1338.4627919197083,116.2,130.0,68.0,Rampa 4
1339.5047481060028,116.3,130.0,68.0,Rampa 4
1340.4828190803528,116.4,130.0,67.0,Rampa 4
1341.5145750045776,116.6,130.0,48.0,Rampa 4
1342.5503160953522,116.8,130.0,46.0,Rampa 4
1343.525276184082,117.0,130.0,45.0,Rampa 4
1344.5467360019684,117.2,130.0,44.0,Rampa 4
1345.5810539722443,117.4,130.0,43.0,Rampa 4
1346.5403718948364,117.6,130.0,42.0,Rampa 4
1347.5815229415894,117.8,130.0,40.0,Rampa 4
1348.5697059631348,118.1,130.0,20.0,Rampa 4
1349.5877890586853,118.4,130.0,18.0,Rampa 4
1350.5647659301758,118.7,130.0,17.0,Rampa 4
1351.6315519809723,118.9,130.0,34.0,Rampa 4
1352.5604710578918,119.1,130.0,32.0,Rampa 4
1353.6235661506653,119.4,130.0,12.0,Rampa 4
1354.5981340408325,119.8,130.0,0.0,Rampa 4
1355.585884809494,120.0,130.0,27.0,Rampa 4
1356.6124222278595,120.3,130.0,7.0,Rampa 4
1357.6490471363068,120.6,130.0,5.0,Rampa 4
1358.6306438446045,120.9,130.0,3.0,Rampa 4
1359.6615579128265,121.2,130.0,1.0,Rampa 4
1360.6810102462769,121.4,130.0,18.0,Rampa 4
1361.6526761054993,121.8,130.0,0.0,Rampa 4
1362.624076128006,122.0,130.0,15.0,Rampa 4
1363.6984791755676,122.3,130.0,0.0,Rampa 4
1364.6746151447296,122.5,130.0,12.0,Rampa 4
1365.7241971492767,122.8,130.0,0.0,Rampa 4
1366.6513452529907,123.1,130.0,0.0,Rampa 4
1367.713786125183,123.3,130.0,7.0,Rampa 4
1368.6955308914185,123.6,130.0,0.0,Rampa 4
1369.723624944687,123.7,130.0,23.0,Rampa 4
1370.7388899326324,123.9,130.0,3.0,Rampa 4
1371.7184681892395,124.1,130.0,2.0,Rampa 4
1372.7391970157623,124.3,130.0,1.0,Rampa 4
1373.7046298980713,124.4,130.0,18.0,Rampa 4
1374.748692035675,124.5,130.0,18.0,Rampa 4
1375.739440202713,124.7,130.0,0.0,Rampa 4
1376.8200950622559,124.8,130.0,16.0,Rampa 4
1377.80304312706,124.9,130.0,15.0,Rampa 4
1378.786772966385,125.0,130.0,15.0,Rampa 4
1379.8247239589691,125.1,130.0,14.0,Rampa 4
1380.845932006836,125.2,130.0,13.0,Rampa 4
1381.8298559188843,125.3,130.0,13.0,Rampa 4
1382.8116600513458,125.4,130.0,12.0,Rampa 4
1383.8559968471527,125.4,130.0,31.0,Rampa 4
1384.8384289741516,125.5,130.0,12.0,Rampa 4
1385.8786890506744,125.6,130.0,11.0,Rampa 4
1386.8657331466675,125.6,130.0,29.0,Rampa 4
1387.896401166916,125.6,130.0,29.0,Rampa 4
1388.877624988556,125.6,130.0,29.0,Rampa 4
1389.9172580242157,125.6,130.0,29.0,Rampa 4
1390.8988289833069,125.6,130.0,29.0,Rampa 4
1391.9323880672455,125.6,130.0,29.0,Rampa 4
1392.9168088436127,125.6,130.0,29.0,Rampa 4
1393.95347905159,125.6,130.0,29.0,Rampa 4
1394.9374690055847,125.6,130.0,29.0,Rampa 4
1395.9733481407166,125.5,130.0,48.0,Rampa 4
1396.9547719955444,125.6,130.0,11.0,Rampa 4
1397.9883971214294,125.6,130.0,29.0,Rampa 4
1399.0195400714874,125.5,130.0,48.0,Rampa 4
1400.0253691673279,125.5,130.0,30.0,Rampa 4
1401.0621960163116,125.5,130.0,30.0,Rampa 4
1402.0526819229126,125.5,130.0,30.0,Rampa 4
1403.0457770824432,125.5,130.0,30.0,Rampa 4
1404.0362529754639,125.4,130.0,49.0,Rampa 4
1405.076933145523,125.4,130.0,31.0,Rampa 4
1406.0691890716553,125.4,130.0,31.0,Rampa 4
1407.1105861663818,125.4,130.0,31.0,Rampa 4
1408.1005580425262,125.3,130.0,49.0,Rampa 4
1409.1461629867554,125.3,130.0,31.0,Rampa 4
1410.1464712619781,125.2,130.0,50.0,Rampa 4
1411.171308040619,125.2,130.0,32.0,Rampa 4
1412.1645240783691,125.2,130.0,32.0,Rampa 4
1413.154944896698,125.1,130.0,51.0,Rampa 4
1414.1321699619293,125.1,130.0,32.0,Rampa 4
1415.174194097519,125.1,130.0,32.0,Rampa 4
1416.212827205658,125.1,130.0,32.0,Rampa 4
1417.2062320709229,125.0,130.0,51.0,Rampa 4
1418.1832330226898,125.0,130.0,33.0,Rampa 4
1419.2140679359436,125.0,130.0,33.0,Rampa 4
1420.1916489601135,124.9,130.0,52.0,Rampa 4
1421.2221131324768,125.0,130.0,15.0,Rampa 4
1422.258600950241,124.9,130.0,52.0,Rampa 4
1423.2378590106964,125.0,130.0,15.0,Rampa 4
1424.2791950702667,125.0,130.0,33.0,Rampa 4
1425.3138120174408,125.0,130.0,33.0,Rampa 4
1426.2635471820831,125.0,130.0,33.0,Rampa 4
1427.2999601364136,125.0,130.0,33.0,Rampa 4
1428.284049987793,125.0,130.0,33.0,Rampa 4
1429.323634147644,125.0,130.0,33.0,Rampa 4
1430.3508400917053,125.0,130.0,33.0,Rampa 4
1431.3334820270538,125.0,130.0,33.0,Rampa 4
1432.3294651508331,125.0,130.0,33.0,Rampa 4
1433.3759009838104,125.0,130.0,33.0,Rampa 4
1434.3680639266968,125.0,130.0,33.0,Rampa 4
1435.4058418273926,125.0,130.0,33.0,Rampa 4
1436.398013830185,125.1,130.0,14.0,Rampa 4
1437.3919851779938,125.1,130.0,32.0,Rampa 4
1438.4339709281921,125.2,130.0,13.0,Rampa 4
1439.4154901504517,125.2,130.0,32.0,Rampa 4
1440.4576449394226,125.2,130.0,32.0,Rampa 4
1441.4481661319733,125.2,130.0,32.0,Rampa 4
1442.4412999153137,125.3,130.0,13.0,Rampa 4
1443.476555109024,125.4,130.0,12.0,Rampa 4
1444.467068195343,125.4,130.0,31.0,Rampa 4
1445.5080111026764,125.5,130.0,12.0,Rampa 4
1446.495129108429,125.5,130.0,30.0,Rampa 4
1447.487279176712,125.6,130.0,11.0,Rampa 4
1448.5244789123535,125.6,130.0,29.0,Rampa 4
1449.516767024994,125.6,130.0,29.0,Rampa 4
1450.5570831298828,125.6,130.0,29.0,Rampa 4
1451.5523471832275,125.6,130.0,29.0,Rampa 4
1452.548341035843,125.6,130.0,29.0,Rampa 4
1453.5589151382446,125.6,130.0,29.0,Rampa 4
1454.6011769771576,125.6,130.0,29.0,Rampa 4
1455.5396060943604,125.7,130.0,10.0,Rampa 4
1456.568104982376,125.7,130.0,29.0,Rampa 4
1457.5557479858398,125.7,130.0,29.0,Rampa 4
1458.602140903473,125.7,130.0,29.0,Rampa 4
1459.6460871696472,125.7,130.0,29.0,Rampa 4
1460.5917391777039,125.7,130.0,29.0,Rampa 4
1461.640037059784,125.7,130.0,29.0,Rampa 4
1462.6389660835266,125.7,130.0,29.0,Rampa 4
1463.683277130127,125.8,130.0,10.0,Rampa 4
1464.683559179306,125.8,130.0,28.0,Rampa 4
1465.6318771839142,125.8,130.0,28.0,Rampa 4
1466.6736960411072,125.8,130.0,28.0,Rampa 4
1467.6699419021606,125.8,130.0,28.0,Rampa 4
1468.7138109207153,125.8,130.0,28.0,Rampa 4
1469.7046608924866,125.8,130.0,28.0,Rampa 4
1470.7541670799255,125.8,130.0,28.0,Rampa 4
1471.7088680267334,125.8,130.0,28.0,Rampa 4
1472.710107088089,125.8,130.0,28.0,Rampa 4
1473.759047985077,125.8,130.0,28.0,Rampa 4
1474.764193058014,125.8,130.0,28.0,Rampa 4
1475.7593250274658,125.8,130.0,28.0,Rampa 4
1476.7459580898285,125.8,130.0,28.0,Rampa 4
1477.733386039734,125.7,130.0,47.0,Rampa 4
1478.8023171424866,125.7,130.0,29.0,Rampa 4
1479.8016610145569,125.7,130.0,29.0,Rampa 4
1480.7892589569092,125.7,130.0,29.0,Rampa 4
1481.824439048767,125.7,130.0,29.0,Rampa 4
1482.8082489967346,125.6,130.0,48.0,Rampa 4
1483.7788310050964,125.6,130.0,29.0,Rampa 4
1484.8136730194092,125.6,130.0,29.0,Rampa 4
1485.8524899482727,125.6,130.0,29.0,Rampa 4
1486.8518741130829,125.6,130.0,29.0,Rampa 4
1487.8534379005432,125.6,130.0,29.0,Rampa 4
1488.8597528934479,125.6,130.0,29.0,Rampa 4
1489.8598499298096,125.7,130.0,10.0,Rampa 4
1490.8985719680786,125.6,130.0,48.0,Rampa 4
1491.884399175644,125.6,130.0,29.0,Rampa 4
1492.920205116272,125.6,130.0,29.0,Rampa 4
1493.925863981247,125.6,130.0,29.0,Rampa 4
1494.970251083374,125.6,130.0,29.0,Rampa 4
1495.9166011810303,125.6,130.0,29.0,Rampa 4
1496.9147260189056,125.6,130.0,29.0,Rampa 4
1497.9578318595886,125.6,130.0,29.0,Rampa 4
1498.950138092041,125.6,130.0,29.0,Rampa 4
1499.9458091259003,125.6,130.0,29.0,Rampa 4
1500.992700099945,125.6,130.0,29.0,Rampa 4
1501.9819881916046,125.6,130.0,29.0,Rampa 4
1503.0254530906677,125.6,130.0,29.0,Rampa 4
1503.966066122055,125.6,130.0,29.0,Rampa 4
1505.0001258850098,125.6,130.0,29.0,Rampa 4
1506.0502090454102,125.6,130.0,29.0,Rampa 4
1507.0502462387085,125.6,130.0,29.0,Rampa 4
1507.9856398105621,125.6,130.0,29.0,Rampa 4
1509.016888141632,125.6,130.0,29.0,Rampa 4
1510.058513879776,125.6,130.0,29.0,Rampa 4
1511.0456020832062,125.6,130.0,29.0,Rampa 4
1512.080369234085,125.6,130.0,29.0,Rampa 4
1513.0638411045074,125.6,130.0,29.0,Rampa 4
1514.1015350818634,125.6,130.0,29.0,Rampa 4
1515.1399059295654,125.7,130.0,10.0,Rampa 4
1516.0687170028687,125.7,130.0,29.0,Rampa 4
1517.1133449077606,125.7,130.0,29.0,Rampa 4
1518.1114540100098,125.7,130.0,29.0,Rampa 4
1519.1514370441437,125.7,130.0,29.0,Rampa 4
1520.1439049243927,125.6,130.0,48.0,Rampa 4
1521.1409242153168,125.7,130.0,10.0,Rampa 4
1522.1751811504364,125.7,130.0,29.0,Rampa 4
1523.1669120788574,125.7,130.0,29.0,Rampa 4
1524.1636531352997,125.7,130.0,29.0,Rampa 4
1525.211804151535,125.7,130.0,29.0,Rampa 4
1526.1688282489777,125.7,130.0,29.0,Rampa 4
1527.2132940292358,125.7,130.0,29.0,Rampa 4
1528.2118861675262,125.7,130.0,29.0,Rampa 4
1529.2591710090637,125.7,130.0,29.0,Rampa 4
1530.248859167099,125.7,130.0,29.0,Rampa 4
1531.2409899234772,125.7,130.0,29.0,Rampa 4
1532.2374331951141,125.7,130.0,29.0,Rampa 4
1533.244920015335,125.7,130.0,29.0,Rampa 4
1534.2749660015106,125.7,130.0,29.0,Rampa 4
1535.3118851184845,125.7,130.0,29.0,Rampa 4
1536.2994649410248,125.7,130.0,29.0,Rampa 4
1537.2819321155548,125.7,130.0,29.0,Rampa 4
1538.3217990398407,125.7,130.0,29.0,Rampa 4
1539.308189868927,125.7,130.0,29.0,Rampa 4
1540.3476688861847,125.7,130.0,29.0,Rampa 4
1541.3270230293274,125.6,130.0,48.0,Rampa 4
1542.358460187912,125.6,130.0,29.0,Rampa 4
1543.344164133072,125.6,130.0,29.0,Rampa 4
1544.377200126648,125.6,130.0,29.0,Rampa 4
1545.4126689434052,125.6,130.0,29.0,Rampa 4
1546.3504281044006,125.6,130.0,29.0,Rampa 4
1547.408124923706,125.6,130.0,29.0,Rampa 4
1548.4070069789886,125.6,130.0,29.0,Rampa 4
1549.402086019516,125.6,130.0,29.0,Rampa 4
1550.4033179283142,125.6,130.0,29.0,Rampa 4
1551.4560980796814,125.5,130.0,48.0,Rampa 4
1552.455293893814,125.5,130.0,30.0,Rampa 4
1553.4570491313934,125.5,130.0,30.0,Rampa 4
1554.4565579891205,125.6,130.0,11.0,Rampa 4
1555.5010631084442,125.6,130.0,29.0,Rampa 4
1556.5077300071716,125.6,130.0,29.0,Rampa 4
1557.5173938274384,125.6,130.0,29.0,Rampa 4
1558.5102729797363,125.6,130.0,29.0,Rampa 4
1559.5229811668396,125.5,130.0,48.0,Rampa 4
1560.5146770477295,125.6,130.0,11.0,Rampa 4
1561.5557940006256,125.6,130.0,29.0,Rampa 4
1562.5477192401886,125.6,130.0,29.0,Rampa 4
1563.536808013916,125.6,130.0,29.0,Rampa 4
1564.5778019428253,125.6,130.0,29.0,Rampa 4
1565.5642569065094,125.6,130.0,29.0,Rampa 4
1566.5987510681152,125.6,130.0,29.0,Rampa 4
1567.582946062088,125.6,130.0,29.0,Rampa 4
1568.617338180542,125.6,130.0,29.0,Rampa 4
1569.6071181297302,125.6,130.0,29.0,Rampa 4
1570.5923640727997,125.6,130.0,29.0,Rampa 4
1571.642070055008,125.7,130.0,10.0,Rampa 4
1572.6590809822083,125.7,130.0,29.0,Rampa 4
1573.641216993332,125.7,130.0,29.0,Rampa 4
1574.6807820796967,125.7,130.0,29.0,Rampa 4
1575.6675848960876,125.7,130.0,29.0,Rampa 4
1576.7139251232147,125.7,130.0,29.0,Rampa 4
1577.645702123642,125.7,130.0,29.0,Rampa 4
1578.6984720230103,125.7,130.0,29.0,Rampa 4
1579.6960690021515,125.7,130.0,29.0,Rampa 4
1580.7000560760498,125.7,130.0,29.0,Rampa 4
1581.6971809864044,125.7,130.0,29.0,Rampa 4
1582.7477099895477,125.7,130.0,29.0,Rampa 4
1583.754821062088,125.7,130.0,29.0,Rampa 4
1584.8047230243683,125.7,130.0,29.0,Rampa 4
1585.7515680789948,125.8,130.0,10.0,Rampa 4
1586.7654929161072,125.8,130.0,28.0,Rampa 4
1587.810574054718,125.8,130.0,28.0,Rampa 4
1588.80947804451,125.8,130.0,28.0,Rampa 4
1589.802118062973,125.8,130.0,28.0,Rampa 4
1590.7974979877472,125.8,130.0,28.0,Rampa 4
1591.7949931621552,125.8,130.0,28.0,Rampa 4
1592.8380768299103,125.8,130.0,28.0,Rampa 4
1593.831505060196,125.8,130.0,28.0,Rampa 4
1594.8256812095642,125.8,130.0,28.0,Rampa 4
1595.8746559619904,125.8,130.0,28.0,Rampa 4
1596.8679611682892,125.8,130.0,28.0,Rampa 4
1597.8471620082855,125.8,130.0,28.0,Rampa 4
1598.8833220005035,125.8,130.0,28.0,Rampa 4
1599.8690969944,125.8,130.0,28.0,Rampa 4
1600.9134531021118,125.8,130.0,28.0,Rampa 4
1601.8983919620514,125.8,130.0,28.0,Rampa 4
1603.0332870483398,125.8,130.0,28.0,Rampa 4
1603.9103169441223,125.8,130.0,28.0,Rampa 4
1604.9374058246613,125.8,130.0,28.0,Rampa 4
1605.9653060436249,125.8,130.0,28.0,Rampa 4
1606.9935929775238,125.8,130.0,28.0,Rampa 4
1607.922392129898,125.8,130.0,28.0,Rampa 4
1608.9576120376587,125.7,130.0,47.0,Rampa 4
1609.9725501537323,125.7,130.0,29.0,Rampa 4
1611.0073730945587,125.7,130.0,29.0,Rampa 4
1612.042315006256,125.7,130.0,29.0,Rampa 4
1612.9981570243835,125.7,130.0,29.0,Rampa 4
1614.043053150177,125.7,130.0,29.0,Rampa 4
1615.0318250656128,125.7,130.0,29.0,Rampa 4
1616.0188221931458,125.7,130.0,29.0,Rampa 4
1617.0490009784698,125.7,130.0,29.0,Rampa 4
1618.0898730754852,125.7,130.0,29.0,Rampa 4
1619.0828988552094,125.7,130.0,29.0,Rampa 4
1620.0750908851624,125.7,130.0,29.0,Rampa 4
1621.174740076065,125.7,130.0,29.0,Rampa 4
1622.1080639362335,125.7,130.0,29.0,Rampa 4
1623.0934929847717,125.7,130.0,29.0,Rampa 4
1624.1295092105865,125.7,130.0,29.0,Rampa 4
1625.1250579357147,125.7,130.0,29.0,Rampa 4
1626.1636810302734,125.7,130.0,29.0,Rampa 4
1627.1550772190094,125.7,130.0,29.0,Rampa 4
1628.146311044693,125.7,130.0,29.0,Rampa 4
1629.1842739582062,125.6,130.0,48.0,Rampa 4
1630.3088700771332,125.6,130.0,29.0,Rampa 4
1631.2952399253845,125.6,130.0,29.0,Rampa 4
1632.2790460586548,125.6,130.0,29.0,Rampa 4
1633.3114259243011,125.6,130.0,29.0,Rampa 4
1634.2891781330109,125.5,130.0,48.0,Rampa 4
1635.3184571266174,125.5,130.0,30.0,Rampa 4
1636.2976109981537,125.4,130.0,49.0,Rampa 4
1637.2815799713135,125.4,130.0,31.0,Rampa 4
1638.3106470108032,125.4,130.0,31.0,Rampa 4
1639.289321899414,125.4,130.0,31.0,Rampa 4
1640.3419179916382,125.3,130.0,49.0,Rampa 4
1641.2738318443298,125.2,130.0,50.0,Rampa 4
1642.288496017456,125.3,130.0,13.0,Rampa 4
1643.3255789279938,125.3,130.0,31.0,Rampa 4
1644.3065841197968,125.2,130.0,50.0,Rampa 4
1645.322308063507,125.2,130.0,32.0,Rampa 4
1646.3110809326172,125.2,130.0,32.0,Rampa 4
1647.353138923645,125.2,130.0,32.0,Rampa 4
1648.3472321033478,125.2,130.0,32.0,Rampa 4
1649.3400671482086,125.2,130.0,32.0,Rampa 4
1650.3834600448608,125.3,130.0,13.0,Rampa 4
1651.409875869751,125.3,130.0,31.0,Rampa 4
1652.3975212574005,125.3,130.0,31.0,Rampa 4
1653.3797008991241,125.3,130.0,31.0,Rampa 4
1654.4101538658142,125.3,130.0,31.0,Rampa 4
1655.4623601436615,125.4,130.0,12.0,Rampa 4
1656.4602220058441,125.4,130.0,31.0,Rampa 4
1657.4488871097565,125.4,130.0,31.0,Rampa 4
1658.4362180233002,125.4,130.0,31.0,Rampa 4
1659.4794359207153,125.5,130.0,12.0,Rampa 4
1660.451495885849,125.5,130.0,30.0,Rampa 4
1661.4799580574036,125.5,130.0,30.0,Rampa 4
1662.5068831443787,125.6,130.0,11.0,Rampa 4
1663.488075017929,125.6,130.0,29.0,Rampa 4
1664.5147190093994,125.6,130.0,29.0,Rampa 4
1665.5404880046844,125.6,130.0,29.0,Rampa 4
1666.534765958786,125.7,130.0,10.0,Rampa 4
1667.548583984375,125.7,130.0,29.0,Rampa 4
1668.54265499115,125.7,130.0,29.0,Rampa 4
1669.5899760723114,125.7,130.0,29.0,Rampa 4
1670.5837330818176,125.7,130.0,29.0,Rampa 4
1671.5738201141357,125.7,130.0,29.0,Rampa 4
1672.5604360103607,125.8,130.0,10.0,Rampa 4
1673.6418039798737,125.8,130.0,28.0,Rampa 4
1674.575583934784,125.8,130.0,28.0,Rampa 4
1675.6648960113525,125.8,130.0,28.0,Rampa 4
1676.5996129512787,125.8,130.0,28.0,Rampa 4
1677.6358470916748,125.8,130.0,28.0,Rampa 4
1678.6322679519653,125.8,130.0,28.0,Rampa 4
1679.681489944458,125.7,130.0,47.0,Rampa 4
1680.70698595047,125.7,130.0,29.0,Rampa 4
1681.6988999843597,125.7,130.0,29.0,Rampa 4
1682.6903002262115,125.6,130.0,48.0,Rampa 4
1683.6745059490204,125.6,130.0,29.0,Rampa 4
1684.7124972343445,125.6,130.0,29.0,Rampa 4
1685.6971261501312,125.5,130.0,48.0,Rampa 4
1686.7738091945648,125.5,130.0,30.0,Rampa 4
1687.7026660442352,125.5,130.0,30.0,Rampa 4
1688.7336928844452,125.4,130.0,49.0,Rampa 4
1689.7659690380096,125.4,130.0,31.0,Rampa 4
1690.7445108890533,125.4,130.0,31.0,Rampa 4
1691.7662131786346,125.3,130.0,49.0,Rampa 4
1692.7654042243958,125.3,130.0,31.0,Rampa 4
1693.7968590259552,125.3,130.0,31.0,Rampa 4
1694.7700040340424,125.2,130.0,50.0,Rampa 4
1695.831088066101,125.1,130.0,51.0,Rampa 4
1696.7950630187988,125.2,130.0,13.0,Rampa 4
1697.818743944168,125.2,130.0,32.0,Rampa 4
1698.8521399497986,125.1,130.0,51.0,Rampa 4
1699.8269879817963,125.1,130.0,32.0,Rampa 4
1700.8735020160675,125.0,130.0,51.0,Rampa 4
1701.875964164734,125.0,130.0,33.0,Rampa 4
1702.8673222064972,125.0,130.0,33.0,Rampa 4
1703.8548140525818,125.0,130.0,33.0,Rampa 4
1704.893774986267,125.0,130.0,33.0,Rampa 4
1705.8826191425323,125.0,130.0,33.0,Rampa 4
1706.917132139206,125.0,130.0,33.0,Rampa 4
1707.9479322433472,125.0,130.0,33.0,Rampa 4
1708.9387850761414,125.0,130.0,33.0,Rampa 4
1709.928232908249,125.0,130.0,33.0,Rampa 4
1710.9226789474487,125.0,130.0,33.0,Rampa 4
1711.9722759723663,125.1,130.0,14.0,Rampa 4
1712.9921350479126,125.1,130.0,32.0,Rampa 4
1713.9762060642242,125.1,130.0,32.0,Rampa 4
1715.0169441699982,125.2,130.0,13.0,Rampa 4
1715.9508440494537,125.2,130.0,32.0,Rampa 4
1716.984453201294,125.3,130.0,13.0,Rampa 4
1718.0178081989288,125.3,130.0,31.0,Rampa 4
1719.0000472068787,125.4,130.0,12.0,Rampa 4
1720.044293165207,125.4,130.0,31.0,Rampa 4
1721.0181500911713,125.5,130.0,12.0,Rampa 4
1722.0521981716156,125.5,130.0,30.0,Rampa 4
1723.0324039459229,125.5,130.0,30.0,Rampa 4
1724.0677790641785,125.5,130.0,30.0,Rampa 4
1725.0444650650024,125.6,130.0,11.0,Rampa 4
1726.0758290290833,125.6,130.0,29.0,Rampa 4
1727.1051290035248,125.7,130.0,10.0,Rampa 4
1728.065262079239,125.7,130.0,29.0,Rampa 4
1729.0958609580994,125.8,130.0,10.0,Rampa 4
1730.118327140808,125.8,130.0,28.0,Rampa 4
1731.0982110500336,125.8,130.0,28.0,Rampa 4
1732.0924348831177,125.9,130.0,9.0,Rampa 4
1733.180696964264,126.0,130.0,9.0,Rampa 4
1733.238780260086,126.0,130.0,9.0,Meseta 4
1734.1744601726532,126.0,130.0,27.0,Meseta 4
1735.183823108673,126.0,130.0,27.0,Meseta 4
1736.1774110794067,126.1,130.0,8.0,Meseta 4
1737.2057039737701,126.1,130.0,26.0,Meseta 4
1738.202428817749,126.2,130.0,7.0,Meseta 4
1739.1853251457214,126.2,130.0,26.0,Meseta 4
1740.2250502109528,126.2,130.0,26.0,Meseta 4
1741.218192100525,126.3,130.0,7.0,Meseta 4
1742.2145071029663,126.3,130.0,25.0,Meseta 4
1743.258556842804,126.3,130.0,25.0,Meseta 4
1744.2463490962982,126.4,130.0,6.0,Meseta 4
1745.30904006958,126.3,130.0,43.0,Meseta 4
1746.245579957962,126.4,130.0,6.0,Meseta 4
1747.2830600738525,126.4,130.0,24.0,Meseta 4
1748.2681820392609,126.4,130.0,24.0,Meseta 4
1749.3029539585114,126.4,130.0,24.0,Meseta 4
1750.2817590236664,126.4,130.0,24.0,Meseta 4
1751.3136060237885,126.3,130.0,43.0,Meseta 4
1752.3023731708527,126.3,130.0,25.0,Meseta 4
1753.334990978241,126.3,130.0,25.0,Meseta 4
1754.3173491954803,126.2,130.0,44.0,Meseta 4
1755.351923942566,126.2,130.0,26.0,Meseta 4
1756.3308699131012,126.1,130.0,45.0,Meseta 4
1757.3958058357239,126.1,130.0,26.0,Meseta 4
1758.372906923294,126.0,130.0,45.0,Meseta 4
1759.3439900875092,125.9,130.0,46.0,Meseta 4
1760.3778131008148,125.9,130.0,28.0,Meseta 4
1761.4154200553894,125.8,130.0,46.0,Meseta 4
1762.4495038986206,125.8,130.0,28.0,Meseta 4
1763.390783071518,125.7,130.0,47.0,Meseta 4
1763.5631790161133,125.7,nan,0.0,Alarma
1764.4515969753265,125.7,nan,0.0,Alarma
1764.622831106186,125.7,nan,0.0,Alarma
1765.450996875763,125.7,nan,0.0,Alarma
1766.4386010169983,125.6,nan,0.0,Alarma
1767.4824261665344,125.6,nan,0.0,Alarma
1768.4937601089478,125.6,nan,0.0,Alarma
1769.4900841712952,125.6,nan,0.0,Alarma
1770.484696149826,125.6,nan,0.0,Alarma
1770.6503510475159,125.5,nan,0.0,Alarma
1771.5352790355682,125.5,nan,0.0,Alarma
1772.5399000644684,125.5,nan,0.0,Alarma
1773.5323808193207,125.5,nan,0.0,Alarma
1774.5871560573578,125.4,nan,0.0,Alarma
1775.5933618545532,125.4,nan,0.0,Alarma
1776.6031301021576,125.4,nan,0.0,Alarma
1776.6659879684448,125.4,nan,0.0,Alarma
1777.5479400157928,125.4,nan,0.0,Alarma
1778.5993671417236,125.2,nan,0.0,Alarma
1779.5795419216156,125.2,nan,0.0,Alarma
1780.5883169174194,125.1,nan,0.0,Alarma
1781.5175230503082,125.1,nan,0.0,Alarma
1781.678874015808,125.1,nan,0.0,Alarma
1782.6348011493683,125.0,nan,0.0,Alarma
1783.6179859638214,124.9,nan,0.0,Alarma
1784.6074900627136,124.9,nan,0.0,Alarma
1785.6485979557037,124.8,nan,0.0,Alarma
1786.691607952118,124.7,nan,0.0,Alarma
1787.520485162735,124.6,nan,0.0,Alarma
1787.6776750087738,124.6,nan,0.0,Alarma
1788.700922012329,124.5,nan,0.0,Alarma
1789.7471380233765,124.3,nan,0.0,Alarma
1790.811292886734,124.1,nan,0.0,Alarma
1791.790862083435,124.0,nan,0.0,Alarma
1792.8225321769714,123.8,nan,0.0,Alarma
1793.499855041504,123.8,nan,0.0,Alarma
1793.8201441764832,123.7,nan,0.0,Alarma
1794.7873270511627,123.5,nan,0.0,Alarma
1795.8796780109406,123.4,nan,0.0,Alarma
1796.8214688301086,123.2,nan,0.0,Alarma
1797.8705840110779,123.1,nan,0.0,Alarma
1798.8933119773865,123.0,nan,0.0,Alarma
1799.5736072063446,123.0,nan,0.0,Alarma
1799.9007620811462,122.8,nan,0.0,Alarma
1800.9037618637085,122.6,nan,0.0,Alarma
1801.9535841941833,122.4,nan,0.0,Alarma
1802.8999009132385,122.3,nan,0.0,Alarma
1803.9510011672974,122.2,nan,0.0,Alarma
1804.961991071701,122.0,nan,0.0,Alarma
1805.5291059017181,122.0,nan,0.0,Alarma
1805.973415851593,121.8,nan,0.0,Alarma
1806.9590299129486,121.6,nan,0.0,Alarma
1807.9654321670532,121.4,nan,0.0,Alarma
1808.9717860221863,121.3,nan,0.0,Alarma
1810.014811038971,121.1,nan,0.0,Alarma
1811.0032341480255,120.9,nan,0.0,Alarma
1811.5285749435425,120.9,nan,0.0,Alarma
1812.0087852478027,120.7,nan,0.0,Alarma
1813.0518400669098,120.5,nan,0.0,Alarma
1814.044049024582,120.3,nan,0.0,Alarma
1815.0426180362701,120.1,nan,0.0,Alarma
1816.068228006363,119.9,nan,0.0,Alarma
1817.0739750862122,119.7,nan,0.0,Alarma
1817.5274760723114,119.7,nan,0.0,Alarma
1818.1079289913177,119.6,nan,0.0,Alarma
1819.0429470539093,119.4,nan,0.0,Alarma
1820.0907409191132,119.2,nan,0.0,Alarma
1821.1329379081726,119.0,nan,0.0,Alarma
1822.079155921936,118.8,nan,0.0,Alarma
1822.5579011440277,118.8,nan,0.0,Enfriando
1823.0749859809875,118.6,nan,0.0,Enfriando
1824.123342037201,118.5,nan,0.0,Enfriando
1825.0932919979095,118.3,nan,0.0,Enfriando
1826.144366979599,118.1,nan,0.0,Enfriando
1827.137701034546,117.9,nan,0.0,Enfriando
1828.1858880519867,117.7,nan,0.0,Enfriando
1829.1839411258698,117.5,nan,0.0,Enfriando
1830.1371791362762,117.2,nan,0.0,Enfriando
1831.2012951374054,117.0,nan,0.0,Enfriando
1832.1562449932098,116.9,nan,0.0,Enfriando
1833.22159409523,116.6,nan,0.0,Enfriando
1834.2320430278778,116.4,nan,0.0,Enfriando
1835.2448451519012,116.2,nan,0.0,Enfriando
1836.2578191757202,116.0,nan,0.0,Enfriando
1837.2614629268646,115.8,nan,0.0,Enfriando
1838.2755188941956,115.6,nan,0.0,Enfriando
1839.285031080246,115.4,nan,0.0,Enfriando
1840.2957990169525,115.2,nan,0.0,Enfriando
1841.3097441196442,115.0,nan,0.0,Enfriando
1842.3220489025116,114.8,nan,0.0,Enfriando
1843.328057050705,114.5,nan,0.0,Enfriando
1844.3284871578217,114.3,nan,0.0,Enfriando
1845.3401770591736,114.1,nan,0.0,Enfriando
1846.3493130207062,113.9,nan,0.0,Enfriando
1847.355350971222,113.7,nan,0.0,Enfriando
1848.3786208629608,113.5,nan,0.0,Enfriando
1849.3819470405579,113.2,nan,0.0,Enfriando
1850.3804650306702,113.1,nan,0.0,Enfriando
1851.3770911693573,112.8,nan,0.0,Enfriando
1852.3658061027527,112.7,nan,0.0,Enfriando
1853.4128959178925,112.5,nan,0.0,Enfriando
1854.4099090099335,112.3,nan,0.0,Enfriando
1855.409292936325,112.1,nan,0.0,Enfriando
1856.4597260951996,111.9,nan,0.0,Enfriando
1857.5223968029022,111.6,nan,0.0,Enfriando
1858.4724850654602,111.6,nan,0.0,Enfriando
1859.4809358119965,111.4,nan,0.0,Enfriando
1860.4835419654846,111.1,nan,0.0,Enfriando
1861.4866201877594,111.0,nan,0.0,Enfriando
1862.4835031032562,110.8,nan,0.0,Enfriando
1863.5404710769653,110.7,nan,0.0,Enfriando
1864.4949140548706,110.5,nan,0.0,Enfriando
1865.5498559474945,110.3,nan,0.0,Enfriando
1866.560968875885,110.1,nan,0.0,Enfriando
1867.5780980587006,110.0,nan,0.0,Enfriando
1868.5904309749603,109.7,nan,0.0,Enfriando
1869.5998771190643,109.6,nan,0.0,Enfriando
1870.6288409233093,109.4,nan,0.0,Enfriando
1871.6420311927795,109.2,nan,0.0,Enfriando
1872.6086790561676,109.0,nan,0.0,Enfriando
1873.6757900714874,108.8,nan,0.0,Enfriando
1874.6315698623657,108.6,nan,0.0,Enfriando
1875.6386749744415,108.4,nan,0.0,Enfriando
1876.644800901413,108.2,nan,0.0,Enfriando
1877.6436660289764,108.0,nan,0.0,Enfriando
1878.6491560935974,107.8,nan,0.0,Enfriando
1879.663913011551,107.6,nan,0.0,Enfriando
1880.7187299728394,107.5,nan,0.0,Enfriando
1881.823431968689,107.0,nan,0.0,Enfriando
1882.6714680194855,107.0,nan,0.0,Enfriando
1883.7231290340424,106.8,nan,0.0,Enfriando
1884.716796875,106.7,nan,0.0,Enfriando
1885.7671880722046,106.5,nan,0.0,Enfriando
1886.7158682346344,106.3,nan,0.0,Enfriando
1887.7707860469818,106.2,nan,0.0,Enfriando
1888.7248339653015,106.0,nan,0.0,Enfriando
1889.7823390960693,105.8,nan,0.0,Enfriando
1890.7836101055145,105.7,nan,0.0,Enfriando
1891.7912349700928,105.5,nan,0.0,Enfriando
1892.8117771148682,105.4,nan,0.0,Enfriando
1893.803824186325,105.2,nan,0.0,Enfriando
1894.8530848026276,105.0,nan,0.0,Enfriando
1895.8016738891602,104.8,nan,0.0,Enfriando
1896.861521244049,104.7,nan,0.0,Enfriando
1897.8768100738525,104.5,nan,0.0,Enfriando
1898.8853950500488,104.4,nan,0.0,Enfriando
1900.000283241272,104.0,nan,0.0,Enfriando
1900.857078075409,104.0,nan,0.0,Enfriando
1901.9209289550781,103.8,nan,0.0,Enfriando
1902.9324531555176,103.7,nan,0.0,Enfriando
1903.945070028305,103.5,nan,0.0,Enfriando
1904.9603350162506,103.3,nan,0.0,Enfriando
1905.9742290973663,103.2,nan,0.0,Enfriando
1906.9849038124084,103.0,nan,0.0,Enfriando
1907.999638080597,102.9,nan,0.0,Enfriando
1909.0121531486511,102.7,nan,0.0,Enfriando
1910.0217452049255,102.5,nan,0.0,Enfriando
1911.0353510379791,102.3,nan,0.0,Enfriando
1912.0408980846405,102.1,nan,0.0,Enfriando
1913.0430462360382,102.0,nan,0.0,Enfriando
1914.046130180359,101.8,nan,0.0,Enfriando
1915.006865978241,101.7,nan,0.0,Enfriando
1916.0057580471039,101.5,nan,0.0,Enfriando
1917.0528061389923,101.4,nan,0.0,Enfriando
1918.1024451255798,101.2,nan,0.0,Enfriando
1919.0909450054169,101.0,nan,0.0,Enfriando
1920.041090965271,100.8,nan,0.0,Enfriando
1921.086118221283,100.7,nan,0.0,Enfriando
1922.1399030685425,100.5,nan,0.0,Enfriando
1923.0845000743866,100.4,nan,0.0,Enfriando
1924.1381270885468,100.2,nan,0.0,Enfriando
1925.1384019851685,100.0,nan,0.0,Enfriando
1926.2449820041656,99.7,nan,0.0,Enfriando
1927.245679140091,99.5,nan,0.0,Enfriando
1928.2463150024414,99.4,nan,0.0,Enfriando
1929.2604360580444,99.2,nan,0.0,Enfriando
1930.2165400981903,99.0,nan,0.0,Enfriando
1931.2226819992065,98.8,nan,0.0,Enfriando
1932.237319946289,98.7,nan,0.0,Enfriando
1933.2437450885773,98.5,nan,0.0,Enfriando
1934.2590639591217,98.4,nan,0.0,Enfriando
1935.2697191238403,98.2,nan,0.0,Enfriando
1936.2775979042053,98.0,nan,0.0,Enfriando
1937.3165831565857,97.8,nan,0.0,Enfriando
1938.268324136734,97.7,nan,0.0,Enfriando
1939.2701771259308,97.5,nan,0.0,Enfriando
1940.3300850391388,97.4,nan,0.0,Enfriando
1941.33717918396,97.2,nan,0.0,Enfriando
1942.3273091316223,97.1,nan,0.0,Enfriando
1943.3215069770813,96.9,nan,0.0,Enfriando
1944.3255479335785,96.8,nan,0.0,Enfriando
1945.3784210681915,96.6,nan,0.0,Enfriando
1946.3248341083527,96.5,nan,0.0,Enfriando
1947.3741691112518,96.3,nan,0.0,Enfriando
1948.3807590007782,96.2,nan,0.0,Enfriando
1949.3767290115356,96.1,nan,0.0,Enfriando
1950.4271869659424,96.0,nan,0.0,Enfriando
1951.417727947235,95.8,nan,0.0,Enfriando
1952.4161620140076,95.6,nan,0.0,Enfriando
1953.4142608642578,95.5,nan,0.0,Enfriando
1954.413773059845,95.3,nan,0.0,Enfriando
1955.4175879955292,95.2,nan,0.0,Enfriando
1956.47052693367,95.0,nan,0.0,Enfriando
1957.4785940647125,94.9,nan,0.0,Enfriando
1958.4951431751251,94.8,nan,0.0,Enfriando
1959.470332145691,94.6,nan,0.0,Enfriando
1960.4827599525452,94.4,nan,0.0,Enfriando
1961.496579170227,94.3,nan,0.0,Enfriando
1962.5088710784912,94.2,nan,0.0,Enfriando
1963.5175468921661,94.0,nan,0.0,Enfriando
1964.5252149105072,93.9,nan,0.0,Enfriando
1965.5338990688324,93.8,nan,0.0,Enfriando
1966.5327680110931,93.6,nan,0.0,Enfriando
1967.5838119983673,93.5,nan,0.0,Enfriando
1968.5777342319489,93.3,nan,0.0,Enfriando
1969.5880398750305,93.2,nan,0.0,Enfriando
1970.5506439208984,93.1,nan,0.0,Enfriando
1971.6113059520721,92.9,nan,0.0,Enfriando
1972.5553710460663,92.8,nan,0.0,Enfriando
1973.606704235077,92.6,nan,0.0,Enfriando
1974.660397052765,92.5,nan,0.0,Enfriando
1975.6605241298676,92.4,nan,0.0,Enfriando
1976.6094739437103,92.3,nan,0.0,Enfriando
1977.6152131557465,92.1,nan,0.0,Enfriando
1978.6652841567993,91.9,nan,0.0,Enfriando
1979.7132799625397,91.8,nan,0.0,Enfriando
1980.6608061790466,91.7,nan,0.0,Enfriando
1981.680820941925,91.5,nan,0.0,Enfriando
1982.739017009735,91.4,nan,0.0,Enfriando
1983.6896948814392,91.3,nan,0.0,Enfriando
1984.6982231140137,91.1,nan,0.0,Enfriando
1985.7615358829498,91.0,nan,0.0,Enfriando
1986.768154144287,90.9,nan,0.0,Enfriando
1987.8161568641663,90.7,nan,0.0,Enfriando
1988.7703349590302,90.6,nan,0.0,Enfriando
1989.7940258979797,90.4,nan,0.0,Enfriando
1990.805073261261,90.3,nan,0.0,Enfriando
1991.8185710906982,90.2,nan,0.0,Enfriando
1992.7823119163513,90.0,nan,0.0,Enfriando
1993.8446810245514,90.0,nan,0.0,Enfriando
1994.851814031601,89.8,nan,0.0,Enfriando
1995.8037450313568,89.7,nan,0.0,Enfriando
1996.8584508895874,89.5,nan,0.0,Enfriando
1997.8511989116669,89.4,nan,0.0,Enfriando
1998.8459861278534,89.2,nan,0.0,Enfriando
1999.8944449424744,89.1,nan,0.0,Enfriando
2000.9002978801727,89.0,nan,0.0,Enfriando
2001.906809091568,88.9,nan,0.0,Enfriando
2002.8614032268524,88.7,nan,0.0,Enfriando
2003.9362630844116,88.5,nan,0.0,Enfriando
2004.9383330345154,88.4,nan,0.0,Enfriando
2005.8874471187592,88.3,nan,0.0,Enfriando
2006.9295511245728,88.2,nan,0.0,Enfriando
2007.9807789325714,88.1,nan,0.0,Enfriando
2009.0876731872559,87.9,nan,0.0,Enfriando
2009.9332399368286,87.8,nan,0.0,Enfriando
2010.994924068451,87.7,nan,0.0,Enfriando
2012.0087790489197,87.6,nan,0.0,Enfriando
2013.0179090499878,87.4,nan,0.0,Enfriando
2014.0213170051575,87.3,nan,0.0,Enfriando
2015.025938987732,87.2,nan,0.0,Enfriando
2016.0328261852264,87.1,nan,0.0,Enfriando
2017.039623260498,86.9,nan,0.0,Enfriando
2018.0514092445374,86.8,nan,0.0,Enfriando
2019.0633940696716,86.6,nan,0.0,Enfriando
2020.0750782489777,86.6,nan,0.0,Enfriando
2021.0795068740845,86.4,nan,0.0,Enfriando
2022.0965821743011,86.3,nan,0.0,Enfriando
2023.1098418235779,86.2,nan,0.0,Enfriando
2024.122817993164,86.1,nan,0.0,Enfriando
2025.1292731761932,85.9,nan,0.0,Enfriando
2026.1447620391846,85.8,nan,0.0,Enfriando
2027.1885571479797,85.7,nan,0.0,Enfriando
2028.1348569393158,85.5,nan,0.0,Enfriando
2029.1307168006897,85.4,nan,0.0,Enfriando
2030.1814939975739,85.3,nan,0.0,Enfriando
2031.2285449504852,85.2,nan,0.0,Enfriando
2032.1771659851074,85.1,nan,0.0,Enfriando
2033.1701560020447,84.9,nan,0.0,Enfriando
2034.2196381092072,84.8,nan,0.0,Enfriando
2035.2233982086182,84.7,nan,0.0,Enfriando
2036.2203590869904,84.6,nan,0.0,Enfriando
2037.2166142463684,84.4,nan,0.0,Enfriando
2038.265827178955,84.3,nan,0.0,Enfriando
2039.2755298614502,84.2,nan,0.0,Enfriando
2040.2694578170776,84.1,nan,0.0,Enfriando
2041.2783081531525,84.0,nan,0.0,Enfriando
2042.2895901203156,83.9,nan,0.0,Enfriando
2043.299154996872,83.7,nan,0.0,Enfriando
2044.3120319843292,83.6,nan,0.0,Enfriando
2045.3309791088104,83.6,nan,0.0,Enfriando
2046.3334929943085,83.4,nan,0.0,Enfriando
2047.3339231014252,83.3,nan,0.0,Enfriando
2048.40096616745,83.1,nan,0.0,Enfriando
2049.364273071289,83.0,nan,0.0,Enfriando
2050.376142024994,83.0,nan,0.0,Enfriando
2051.380035161972,82.9,nan,0.0,Enfriando
2052.385650873184,82.8,nan,0.0,Enfriando
2053.4292719364166,82.6,nan,0.0,Enfriando
2054.434126138687,82.5,nan,0.0,Enfriando
2055.49231505394,82.3,nan,0.0,Enfriando
2056.539211988449,82.2,nan,0.0,Enfriando
2057.4865012168884,82.0,nan,0.0,Enfriando
2058.4851450920105,82.0,nan,0.0,Enfriando
2059.529153108597,81.9,nan,0.0,Enfriando
2060.527386188507,81.8,nan,0.0,Enfriando
2061.5326919555664,81.6,nan,0.0,Enfriando
2062.4775631427765,81.5,nan,0.0,Enfriando
2063.532028198242,81.4,nan,0.0,Enfriando
2064.5318109989166,81.3,nan,0.0,Enfriando
2065.4858741760254,81.1,nan,0.0,Enfriando
2066.5456681251526,81.0,nan,0.0,Enfriando
2067.564122200012,80.9,nan,0.0,Enfriando
2068.5291900634766,80.8,nan,0.0,Enfriando
2069.584769010544,80.7,nan,0.0,Enfriando
2070.5872070789337,80.6,nan,0.0,Enfriando
2071.6002581119537,80.5,nan,0.0,Enfriando
2072.611558198929,80.4,nan,0.0,Enfriando
2073.613177061081,80.3,nan,0.0,Enfriando
2074.6102709770203,80.1,nan,0.0,Enfriando
2075.6229729652405,80.0,nan,0.0,Enfriando
2076.633381128311,79.9,nan,0.0,Enfriando
2077.635624885559,79.8,nan,0.0,Enfriando
2078.643171072006,79.7,nan,0.0,Enfriando
2079.6558582782745,79.6,nan,0.0,Enfriando
2080.6677029132843,79.4,nan,0.0,Enfriando
2081.6738941669464,79.3,nan,0.0,Enfriando
2082.733978033066,79.2,nan,0.0,Enfriando
2083.739202976227,79.1,nan,0.0,Enfriando
2084.7349622249603,79.0,nan,0.0,Enfriando
2085.6789371967316,78.9,nan,0.0,Enfriando
2086.7318909168243,78.8,nan,0.0,Enfriando
2087.732626914978,78.7,nan,0.0,Enfriando
2088.7317910194397,78.6,nan,0.0,Enfriando
2089.7281341552734,78.5,nan,0.0,Enfriando
2090.7356100082397,78.4,nan,0.0,Enfriando
2091.7928190231323,78.3,nan,0.0,Enfriando
2092.8164541721344,78.2,nan,0.0,Enfriando
2093.819221973419,78.2,nan,0.0,Enfriando
2094.8171570301056,78.0,nan,0.0,Enfriando
2095.872822999954,77.9,nan,0.0,Enfriando
2096.827094078064,77.8,nan,0.0,Enfriando
2097.828411102295,77.7,nan,0.0,Enfriando
2098.8326530456543,77.6,nan,0.0,Enfriando
2099.845682859421,77.5,nan,0.0,Enfriando
2100.901713848114,77.4,nan,0.0,Enfriando
2101.9132459163666,77.3,nan,0.0,Enfriando
2102.866921901703,77.2,nan,0.0,Enfriando
2103.934564113617,77.1,nan,0.0,Enfriando
2104.9453070163727,77.0,nan,0.0,Enfriando
2105.958174943924,76.9,nan,0.0,Enfriando
2106.913637161255,76.8,nan,0.0,Enfriando
2107.921317100525,76.7,nan,0.0,Enfriando
2108.9785981178284,76.6,nan,0.0,Enfriando
2109.938038110733,76.5,nan,0.0,Enfriando
2110.9480390548706,76.4,nan,0.0,Enfriando
2111.9563360214233,76.3,nan,0.0,Enfriando
2113.015208005905,76.2,nan,0.0,Enfriando
2113.9688498973846,76.1,nan,0.0,Enfriando
2115.0411109924316,76.0,nan,0.0,Enfriando
2116.04061794281,75.9,nan,0.0,Enfriando
2117.092493057251,75.9,nan,0.0,Enfriando
2118.0346150398254,75.7,nan,0.0,Enfriando
2119.036791086197,75.7,nan,0.0,Enfriando
2120.0846259593964,75.5,nan,0.0,Enfriando
2121.0396950244904,75.5,nan,0.0,Enfriando
2122.034439086914,75.4,nan,0.0,Enfriando
2123.0864391326904,75.3,nan,0.0,Enfriando
2124.0404551029205,75.1,nan,0.0,Enfriando
2125.0946040153503,75.1,nan,0.0,Enfriando
2126.09886097908,75.0,nan,0.0,Enfriando
2127.1588129997253,75.0,nan,0.0,Enfriando
2128.110160112381,74.9,nan,0.0,Enfriando
2129.1722910404205,74.8,nan,0.0,Enfriando
2130.1302859783173,74.7,nan,0.0,Enfriando
2131.1365780830383,74.6,nan,0.0,Enfriando
2132.1952590942383,74.5,nan,0.0,Enfriando
2133.207127094269,74.4,nan,0.0,Enfriando
2134.222076177597,74.4,nan,0.0,Enfriando
2135.175132036209,74.3,nan,0.0,Enfriando
2136.231008052826,74.1,nan,0.0,Enfriando
2137.2596039772034,74.1,nan,0.0,Enfriando
2138.2285010814667,74.0,nan,0.0,Enfriando
2139.2336020469666,73.8,nan,0.0,Enfriando
2140.239047050476,73.8,nan,0.0,Enfriando
2141.300961971283,73.7,nan,0.0,Enfriando
2142.2563529014587,73.6,nan,0.0,Enfriando
2143.2693581581116,73.5,nan,0.0,Enfriando
2144.2797198295593,73.4,nan,0.0,Enfriando
2145.2887489795685,73.3,nan,0.0,Enfriando
2146.2821621894836,73.2,nan,0.0,Enfriando
2147.2842202186584,73.1,nan,0.0,Enfriando
2148.279725074768,73.0,nan,0.0,Enfriando
2149.3330669403076,72.9,nan,0.0,Enfriando
2150.33771109581,72.7,nan,0.0,Enfriando
2151.3365218639374,72.7,nan,0.0,Enfriando
2152.341803073883,72.5,nan,0.0,Enfriando
2153.3415780067444,72.5,nan,0.0,Enfriando
2154.3435142040253,72.4,nan,0.0,Enfriando
2155.4046881198883,72.3,nan,0.0,Enfriando
2156.415498971939,72.2,nan,0.0,Enfriando
2157.5170500278473,72.1,nan,0.0,Enfriando
2158.466103076935,72.0,nan,0.0,Enfriando
2159.431683063507,71.9,nan,0.0,Enfriando
2160.493453025818,71.8,nan,0.0,Enfriando
2161.4514150619507,71.7,nan,0.0,Enfriando
2162.4712991714478,71.6,nan,0.0,Enfriando
2163.442897081375,71.5,nan,0.0,Enfriando
2164.506585121155,71.5,nan,0.0,Enfriando
2165.5156350135803,71.4,nan,0.0,Enfriando
2166.4788222312927,71.2,nan,0.0,Enfriando
2167.541328191757,71.2,nan,0.0,Enfriando
2168.551356077194,71.1,nan,0.0,Enfriando
2169.5604050159454,71.0,nan,0.0,Enfriando
2170.570307970047,70.9,nan,0.0,Enfriando
2171.5855751037598,70.8,nan,0.0,Enfriando
2172.5428478717804,70.7,nan,0.0,Enfriando
2173.606090068817,70.7,nan,0.0,Enfriando
2174.6180369853973,70.5,nan,0.0,Enfriando
2175.5765290260315,70.4,nan,0.0,Enfriando
2176.6308069229126,70.3,nan,0.0,Enfriando
2177.58016705513,70.3,nan,0.0,Enfriando
2178.6258511543274,70.2,nan,0.0,Enfriando
2179.6791191101074,70.1,nan,0.0,Enfriando
2180.6195681095123,70.0,nan,0.0,Enfriando
2181.6386868953705,70.0,nan,0.0,Enfriando
2182.683751821518,69.9,nan,0.0,Enfriando
2183.6794140338898,69.8,nan,0.0,Enfriando
2184.676782131195,69.7,nan,0.0,Enfriando
2185.7253518104553,69.6,nan,0.0,Enfriando
2186.7286739349365,69.5,nan,0.0,Enfriando
2187.7276191711426,69.4,nan,0.0,Enfriando
2188.6733360290527,69.3,nan,0.0,Enfriando
2189.727770090103,69.2,nan,0.0,Enfriando
2190.7371320724487,69.1,nan,0.0,Enfriando
2191.801159143448,69.0,nan,0.0,Enfriando
2192.759976863861,68.9,nan,0.0,Enfriando
2193.771035194397,68.9,nan,0.0,Enfriando
2194.7716410160065,68.8,nan,0.0,Enfriando
2195.826196908951,68.7,nan,0.0,Enfriando
2196.843509912491,68.6,nan,0.0,Enfriando
2197.8598351478577,68.5,nan,0.0,Enfriando
2198.864061832428,68.4,nan,0.0,Enfriando
2199.8749549388885,68.4,nan,0.0,Enfriando
2200.883647918701,68.3,nan,0.0,Enfriando
2201.8956270217896,68.2,nan,0.0,Enfriando
2202.908096075058,68.1,nan,0.0,Enfriando
2203.885350227356,68.0,nan,0.0,Enfriando
2204.8817341327667,67.8,nan,0.0,Enfriando
2205.9431171417236,67.8,nan,0.0,Enfriando
2206.9572999477386,67.7,nan,0.0,Enfriando
2207.9671301841736,67.6,nan,0.0,Enfriando
2208.9342110157013,67.5,nan,0.0,Enfriando
2209.939316034317,67.4,nan,0.0,Enfriando
2210.9383358955383,67.4,nan,0.0,Enfriando
2211.9845349788666,67.3,nan,0.0,Enfriando
2212.9948370456696,67.2,nan,0.0,Enfriando
2213.9503338336945,67.1,nan,0.0,Enfriando
2214.9625101089478,67.0,nan,0.0,Enfriando
2216.0265231132507,66.9,nan,0.0,Enfriando
2217.0293259620667,66.8,nan,0.0,Enfriando
2218.0285210609436,66.8,nan,0.0,Enfriando
2219.07750082016,66.6,nan,0.0,Enfriando
2220.03808093071,66.6,nan,0.0,Enfriando
2221.086084127426,66.5,nan,0.0,Enfriando
2222.08859705925,66.4,nan,0.0,Enfriando
2223.052145242691,66.3,nan,0.0,Enfriando
2224.11656999588,66.2,nan,0.0,Enfriando
2225.117805957794,66.2,nan,0.0,Enfriando
2226.082883119583,66.1,nan,0.0,Enfriando
2227.128219127655,66.0,nan,0.0,Enfriando
2228.11865401268,65.9,nan,0.0,Enfriando
2229.211611032486,65.8,nan,0.0,Enfriando
2230.160504102707,65.7,nan,0.0,Enfriando
2231.1725690364838,65.7,nan,0.0,Enfriando
2232.184198141098,65.6,nan,0.0,Enfriando
2233.187612056732,65.5,nan,0.0,Enfriando
2234.186315059662,65.5,nan,0.0,Enfriando
2235.1873359680176,65.4,nan,0.0,Enfriando
2236.189222097397,65.3,nan,0.0,Enfriando
2237.1863701343536,65.2,nan,0.0,Enfriando
2238.2358541488647,65.2,nan,0.0,Enfriando
2239.2299361228943,65.1,nan,0.0,Enfriando
2240.219903945923,65.0,nan,0.0,Enfriando
2241.2064859867096,64.9,nan,0.0,Enfriando
2242.254858970642,64.8,nan,0.0,Enfriando
2243.2470450401306,64.8,nan,0.0,Enfriando
2244.2317090034485,64.7,nan,0.0,Enfriando
2245.2754611968994,64.6,nan,0.0,Enfriando
2246.272136926651,64.5,nan,0.0,Enfriando
2247.287449121475,64.5,nan,0.0,Enfriando
2248.2975358963013,64.4,nan,0.0,Enfriando
2249.308222055435,64.3,nan,0.0,Enfriando
2250.3198080062866,64.2,nan,0.0,Enfriando
2251.3308939933777,64.1,nan,0.0,Enfriando
2252.344108104706,64.1,nan,0.0,Enfriando
2253.3538811206818,64.0,nan,0.0,Enfriando
2254.3649609088898,63.9,nan,0.0,Enfriando
2255.377422094345,63.8,nan,0.0,Enfriando
2256.388753890991,63.8,nan,0.0,Enfriando
2257.3897919654846,63.7,nan,0.0,Enfriando
2258.3927149772644,63.6,nan,0.0,Enfriando
2259.3924770355225,63.5,nan,0.0,Enfriando
2260.3900861740112,63.5,nan,0.0,Enfriando
2261.3914749622345,63.4,nan,0.0,Enfriando
2262.4001321792603,63.3,nan,0.0,Enfriando
2263.4440879821777,63.3,nan,0.0,Enfriando
2264.432965040207,63.1,nan,0.0,Enfriando
2265.4277369976044,63.0,nan,0.0,Enfriando
2266.4271721839905,63.0,nan,0.0,Enfriando
2267.4695699214935,63.0,nan,0.0,Enfriando
2268.467131137848,62.9,nan,0.0,Enfriando
2269.5061831474304,62.8,nan,0.0,Enfriando
2270.505621910095,62.7,nan,0.0,Enfriando
2271.5195541381836,62.7,nan,0.0,Enfriando
2272.514144897461,62.6,nan,0.0,Enfriando
2273.5033309459686,62.5,nan,0.0,Enfriando
2274.5089299678802,62.5,nan,0.0,Enfriando
2275.5649552345276,62.4,nan,0.0,Enfriando
2276.576705932617,62.3,nan,0.0,Enfriando
2277.590010166168,62.2,nan,0.0,Enfriando
2278.600391149521,62.2,nan,0.0,Enfriando
2279.6103360652924,62.1,nan,0.0,Enfriando
2280.62304520607,62.0,nan,0.0,Enfriando
2281.632094860077,62.0,nan,0.0,Enfriando
2282.6438479423523,61.9,nan,0.0,Enfriando
2283.654273033142,61.7,nan,0.0,Enfriando
2284.6634471416473,61.7,nan,0.0,Enfriando
2285.676404953003,61.7,nan,0.0,Enfriando
2286.682636976242,61.6,nan,0.0,Enfriando
2287.6778411865234,61.5,nan,0.0,Enfriando
2288.673671245575,61.5,nan,0.0,Enfriando
2289.6723911762238,61.4,nan,0.0,Enfriando
2290.6707582473755,61.3,nan,0.0,Enfriando
2291.712960958481,61.2,nan,0.0,Enfriando
2292.702597141266,61.2,nan,0.0,Enfriando
2293.711350917816,61.1,nan,0.0,Enfriando
2294.754958152771,61.0,nan,0.0,Enfriando
2295.7452590465546,60.9,nan,0.0,Enfriando
2296.7337760925293,60.9,nan,0.0,Enfriando
2297.778930902481,60.8,nan,0.0,Enfriando
2298.7698259353638,60.8,nan,0.0,Enfriando
2299.76348900795,60.7,nan,0.0,Enfriando
2300.754378080368,60.6,nan,0.0,Enfriando
2301.800239086151,60.5,nan,0.0,Enfriando
2302.7959129810333,60.5,nan,0.0,Enfriando
2303.845605134964,60.4,nan,0.0,Enfriando
2304.7970259189606,60.4,nan,0.0,Enfriando
2305.8578679561615,60.3,nan,0.0,Enfriando
2306.868199110031,60.2,nan,0.0,Enfriando
2307.874218940735,60.2,nan,0.0,Enfriando
2308.9361159801483,60.0,nan,0.0,Enfriando
2309.945734024048,59.9,nan,0.0,Enfriando
2310.9568960666656,59.8,nan,0.0,Enfriando
2311.967910051346,59.8,nan,0.0,Enfriando
2312.926229953766,59.7,nan,0.0,Enfriando
2313.936070203781,59.6,nan,0.0,Enfriando
2314.9353652000427,59.6,nan,0.0,Enfriando
2315.9368710517883,59.5,nan,0.0,Enfriando
2317.000566005707,59.5,nan,0.0,Enfriando
2317.954528093338,59.4,nan,0.0,Enfriando
2318.962378025055,59.3,nan,0.0,Enfriando
2319.967411994934,59.3,nan,0.0,Enfriando
2320.969794034958,59.2,nan,0.0,Enfriando
2321.9700689315796,59.2,nan,0.0,Enfriando
2323.017105817795,59.1,nan,0.0,Enfriando
2324.0081870555878,59.1,nan,0.0,Enfriando
2325.0003209114075,59.0,nan,0.0,Enfriando
2326.0425641536713,58.9,nan,0.0,Enfriando
2327.041479110718,58.9,nan,0.0,Enfriando
2328.03613114357,58.8,nan,0.0,Enfriando
2329.079385995865,58.7,nan,0.0,Enfriando
2330.074315071106,58.6,nan,0.0,Enfriando
2331.066060066223,58.6,nan,0.0,Enfriando
2332.1097378730774,58.5,nan,0.0,Enfriando
2333.0641531944275,58.5,nan,0.0,Enfriando
2334.114748954773,58.4,nan,0.0,Enfriando
2335.118343114853,58.3,nan,0.0,Enfriando
2336.166862010956,58.3,nan,0.0,Enfriando
2337.118912935257,58.2,nan,0.0,Enfriando
2338.1288981437683,58.2,nan,0.0,Enfriando
2339.1470441818237,58.1,nan,0.0,Enfriando
2340.153367996216,58.1,nan,0.0,Enfriando
2341.2095029354095,58.0,nan,0.0,Enfriando
2342.162274122238,58.0,nan,0.0,Enfriando
2343.2186439037323,57.9,nan,0.0,Enfriando
2344.2214040756226,57.8,nan,0.0,Enfriando
2345.2311458587646,57.8,nan,0.0,Enfriando
2346.232726097107,57.7,nan,0.0,Enfriando
2347.2408289909363,57.6,nan,0.0,Enfriando
2348.2443029880524,57.6,nan,0.0,Enfriando
2349.245754003525,57.6,nan,0.0,Enfriando
2350.251019001007,57.5,nan,0.0,Enfriando
2351.2602870464325,57.4,nan,0.0,Enfriando
2352.260221004486,57.4,nan,0.0,Enfriando
2353.2626950740814,57.3,nan,0.0,Enfriando
2354.2548019886017,57.2,nan,0.0,Enfriando
2355.3020570278168,57.2,nan,0.0,Enfriando
2356.2915410995483,57.2,nan,0.0,Enfriando
2357.2827298641205,57.1,nan,0.0,Enfriando
2358.3262090682983,57.1,nan,0.0,Enfriando
2359.3202290534973,57.0,nan,0.0,Enfriando
2360.363303899765,56.9,nan,0.0,Enfriando
2361.369642019272,56.9,nan,0.0,Enfriando
2362.3624188899994,56.8,nan,0.0,Enfriando
2363.4108080863953,56.8,nan,0.0,Enfriando
2364.3554611206055,56.8,nan,0.0,Enfriando
2365.4072711467743,56.7,nan,0.0,Enfriando
2366.411920070648,56.6,nan,0.0,Enfriando
2367.37930893898,56.6,nan,0.0,Enfriando
2368.443670988083,56.5,nan,0.0,Enfriando
2369.455633878708,56.5,nan,0.0,Enfriando
2370.466033220291,56.5,nan,0.0,Enfriando
2371.426878929138,56.4,nan,0.0,Enfriando
2372.487904071808,56.3,nan,0.0,Enfriando
2373.4887371063232,56.3,nan,0.0,Enfriando
2374.493488073349,56.2,nan,0.0,Enfriando
2375.4936969280243,56.1,nan,0.0,Enfriando
2376.5423381328583,56.0,nan,0.0,Enfriando
2377.4977490901947,56.0,nan,0.0,Enfriando
2378.552018880844,55.9,nan,0.0,Enfriando
2379.5603189468384,55.9,nan,0.0,Enfriando
2380.570305109024,55.8,nan,0.0,Enfriando
2381.526568889618,55.8,nan,0.0,Enfriando
2382.58615398407,55.7,nan,0.0,Enfriando
2383.5971550941467,55.7,nan,0.0,Enfriando
2384.5664579868317,55.6,nan,0.0,Enfriando
2385.612603187561,55.6,nan,0.0,Enfriando
2386.6029970645905,55.5,nan,0.0,Enfriando
2387.592274904251,55.5,nan,0.0,Enfriando
2388.636964082718,55.5,nan,0.0,Enfriando
2389.6291680336,55.5,nan,0.0,Enfriando
2390.6184618473053,55.4,nan,0.0,Enfriando
2391.6606950759888,55.3,nan,0.0,Enfriando
2392.654279232025,55.3,nan,0.0,Enfriando
2393.647015810013,55.2,nan,0.0,Enfriando
2394.637109041214,55.1,nan,0.0,Enfriando
2395.6881630420685,55.1,nan,0.0,Enfriando
2396.6845259666443,55.1,nan,0.0,Enfriando
2397.6883640289307,55.0,nan,0.0,Enfriando
2398.6972239017487,55.0,nan,0.0,Enfriando
2399.7000801563263,55.0,nan,0.0,Enfriando
2400.7031910419464,54.9,nan,0.0,Enfriando
2401.7610840797424,54.8,nan,0.0,Enfriando
2402.7703878879547,54.8,nan,0.0,Enfriando
2403.7794539928436,54.7,nan,0.0,Enfriando
2404.7692079544067,54.7,nan,0.0,Enfriando
2405.8080320358276,54.6,nan,0.0,Enfriando
2406.8255610466003,54.6,nan,0.0,Enfriando
2407.772112131119,54.5,nan,0.0,Enfriando
2408.822608232498,54.5,nan,0.0,Enfriando
2409.8370130062103,54.4,nan,0.0,Enfriando
2410.8411400318146,54.4,nan,0.0,Enfriando
2411.8368968963623,54.4,nan,0.0,Enfriando
2412.839864015579,54.3,nan,0.0,Enfriando
2413.835722923279,54.2,nan,0.0,Enfriando
2414.8223509788513,54.2,nan,0.0,Enfriando
2415.856628894806,54.2,nan,0.0,Enfriando
2416.8974850177765,54.1,nan,0.0,Enfriando
2417.8857700824738,54.1,nan,0.0,Enfriando
2418.8717617988586,54.0,nan,0.0,Enfriando
2419.8624272346497,53.9,nan,0.0,Enfriando
2420.90527510643,53.9,nan,0.0,Enfriando
2421.897744178772,53.8,nan,0.0,Enfriando
2422.8846440315247,53.8,nan,0.0,Enfriando
2423.9224061965942,53.7,nan,0.0,Enfriando
2424.9091119766235,53.7,nan,0.0,Enfriando
2425.9096240997314,53.6,nan,0.0,Enfriando
2426.9108810424805,53.6,nan,0.0,Enfriando
2427.910323858261,53.5,nan,0.0,Enfriando
2428.969763994217,53.5,nan,0.0,Enfriando
2429.9710700511932,53.4,nan,0.0,Enfriando
2430.9697341918945,53.4,nan,0.0,Enfriando
2432.01739692688,53.3,nan,0.0,Enfriando
2432.9603550434113,53.3,nan,0.0,Enfriando
2434.010384082794,53.2,nan,0.0,Enfriando
2435.009360074997,53.2,nan,0.0,Enfriando
2436.0040152072906,53.1,nan,0.0,Enfriando
2437.037964105606,53.1,nan,0.0,Enfriando
2438.020966053009,53.0,nan,0.0,Enfriando
2439.0058290958405,53.0,nan,0.0,Enfriando
2440.0425589084625,52.9,nan,0.0,Enfriando
2441.1861340999603,52.8,nan,0.0,Enfriando
2442.0292139053345,52.8,nan,0.0,Enfriando
2443.0660679340363,52.8,nan,0.0,Enfriando
2444.1040790081024,52.7,nan,0.0,Enfriando
2445.0971188545227,52.7,nan,0.0,Enfriando
2446.131367921829,52.7,nan,0.0,Enfriando
2447.0723819732666,52.6,nan,0.0,Enfriando
2448.1140060424805,52.5,nan,0.0,Enfriando
2449.1006672382355,52.5,nan,0.0,Enfriando
2450.0879049301147,52.5,nan,0.0,Enfriando
2451.1368639469147,52.4,nan,0.0,Enfriando
2452.122931957245,52.4,nan,0.0,Enfriando
2453.181713104248,52.4,nan,0.0,Enfriando
2454.222183227539,52.2,nan,0.0,Enfriando
2455.260530233383,52.2,nan,0.0,Enfriando
2456.301595211029,52.2,nan,0.0,Enfriando
2457.1981360912323,52.1,nan,0.0,Enfriando
2458.1929788589478,52.1,nan,0.0,Enfriando
2459.1943969726562,52.1,nan,0.0,Enfriando
2460.196639060974,52.0,nan,0.0,Enfriando
2461.19060087204,52.0,nan,0.0,Enfriando
2462.226258993149,52.0,nan,0.0,Enfriando
2463.2187690734863,51.9,nan,0.0,Enfriando
2464.211086034775,51.9,nan,0.0,Enfriando
2465.1987488269806,51.8,nan,0.0,Enfriando
2466.246083021164,51.8,nan,0.0,Enfriando
2467.187600135803,51.7,nan,0.0,Enfriando
2468.2296199798584,51.7,nan,0.0,Enfriando
2469.2646069526672,51.6,nan,0.0,Enfriando
2470.2520911693573,51.6,nan,0.0,Enfriando
2471.2382352352142,51.5,nan,0.0,Enfriando
2472.284793138504,51.5,nan,0.0,Enfriando
2473.2942368984222,51.4,nan,0.0,Enfriando
2474.283769130707,51.4,nan,0.0,Enfriando
2475.2779331207275,51.4,nan,0.0,Enfriando
2476.3197932243347,51.2,nan,0.0,Enfriando
2477.364063024521,51.2,nan,0.0,Enfriando
2478.4111778736115,51.1,nan,0.0,Enfriando
2479.4036872386932,51.1,nan,0.0,Enfriando
2480.3948311805725,51.1,nan,0.0,Enfriando
2481.3463051319122,51.0,nan,0.0,Enfriando
2482.38694190979,51.0,nan,0.0,Enfriando
2483.3943889141083,50.9,nan,0.0,Enfriando
2484.433977127075,50.8,nan,0.0,Enfriando
2485.382292985916,50.8,nan,0.0,Enfriando
2486.386062145233,50.8,nan,0.0,Enfriando
2487.387048959732,50.7,nan,0.0,Enfriando
2488.4413208961487,50.7,nan,0.0,Enfriando
2489.3826611042023,50.7,nan,0.0,Enfriando
2490.391627073288,50.7,nan,0.0,Enfriando
2491.443897008896,50.6,nan,0.0,Enfriando
2492.440805196762,50.5,nan,0.0,Enfriando
2493.43536901474,50.5,nan,0.0,Enfriando
2494.471270084381,50.4,nan,0.0,Enfriando
2495.4795010089874,50.4,nan,0.0,Enfriando
2496.469526052475,50.3,nan,0.0,Enfriando
2497.4594600200653,50.3,nan,0.0,Enfriando
2498.507369041443,50.3,nan,0.0,Enfriando
2499.495187997818,50.2,nan,0.0,Enfriando
2500.4837579727173,50.2,nan,0.0,Enfriando
2501.5301191806793,50.1,nan,0.0,Enfriando
2502.5159769058228,50.1,nan,0.0,Enfriando
2503.5007820129395,50.1,nan,0.0,Enfriando
2504.59118103981,50.0,nan,0.0,Enfriando
2504.641403198242,50.0,nan,0.0,Terminado
